1.291250,45.229167,6.70,1
1.265833,-0.503056,6.29,2
1.333750,-5.707500,4.61,3
1.425000,13.396111,5.51,4
1.566667,58.436667,5.96,5
1.579167,-49.075000,5.70,6
1.610417,64.196111,5.59,7
1.653333,29.021389,6.13,8
1.708750,-23.107500,6.18,9
1.825833,-17.386389,6.19,10
1.933750,-2.548889,6.43,11
1.945000,-22.508889,5.94,12
2.014583,-33.529444,5.68,13
2.050417,-2.447778,6.07,14
2.097083,29.090556,2.06,15
2.072500,-8.823889,5.99,16
2.170833,36.626667,6.19,17
2.139167,-17.577500,6.06,18
2.217500,25.462778,6.23,19
2.334167,79.714722,6.01,20
2.294583,59.149722,2.27,21
2.260000,18.211944,5.53,22
2.260000,-54.001944,6.33,23
2.337500,-27.987778,5.42,24
2.352917,-45.747500,3.88,25
2.509583,11.145556,5.51,26
2.580417,46.072222,5.03,27
2.623750,57.165556,6.74,28
2.578333,-5.248611,5.84,29
2.508750,-82.223889,5.28,30
2.678333,-12.580000,5.85,31
2.660833,-73.224444,6.64,32
2.816250,-15.468056,4.89,33
2.893333,-27.799722,5.41,34
2.933333,-35.133056,5.25,35
2.996250,48.152500,6.16,36
3.041667,-17.938333,5.25,37
3.210000,37.693333,6.73,38
3.309167,15.183611,2.83,39
3.350000,26.987222,6.30,40
3.378333,41.035278,5.72,41
3.425417,-26.021944,5.94,42
3.434167,-26.284722,6.31,43
3.509583,33.206111,6.25,44
3.650833,20.206667,4.80,45
3.615000,-7.780556,5.12,46
3.330833,-84.994167,5.77,47
3.660000,-18.932778,4.44,48
3.733750,22.284167,6.24,49
3.745000,8.820833,5.79,50
3.727083,-9.569722,5.75,51
3.779167,31.535833,6.45,52
3.794167,27.283056,6.35,53
3.742500,-34.904444,6.17,54
4.058333,76.950833,6.35,55
4.090000,43.594722,6.15,56
4.037083,-31.446389,5.67,57
3.980000,-75.911389,6.49,58
4.142083,8.240000,6.11,59
4.237917,61.533333,5.74,60
4.177083,-20.210556,6.47,61
4.287917,47.947500,5.89,62
4.272917,38.681667,4.61,63
4.204167,-78.780556,6.77,64
4.429167,51.433056,6.14,65
4.385833,-19.051111,6.45,66
4.448750,1.688889,6.17,67
4.582083,36.785278,4.52,68
4.571667,11.205833,6.05,69
4.675417,43.791111,6.11,70
4.659583,31.517222,5.87,71
4.674167,-8.052778,6.46,72
4.677500,-43.235278,6.33,73
4.857083,-8.823889,3.56,74
4.923333,40.729722,6.33,75
5.021667,48.865278,6.52,76
5.017917,-64.874722,4.23,77
5.101667,30.935833,5.90,78
5.189583,32.911389,5.79,79
5.149583,8.190278,5.37,80
5.227083,10.976944,6.56,81
5.280417,37.968611,5.18,82
5.162500,-69.625000,5.51,83
5.380000,-28.981667,5.18,84
5.442917,-20.057778,5.12,85
5.606250,13.482500,6.23,86
5.369167,-77.426944,5.97,87
5.715833,-12.209444,6.39,88
5.802500,-31.036111,6.55,89
6.008333,38.577222,7.39,90
6.065000,52.020000,5.57,91
6.197917,61.831111,5.40,93
6.123750,-2.219167,6.07,94
6.276667,53.046944,5.74,96
6.350833,1.939722,5.77,97
6.437917,-77.254167,2.80,98
6.570833,-42.306111,2.39,99
6.550833,-43.680000,3.94,100
6.655833,-0.049722,6.19,101
6.811250,-25.547222,5.98,102
7.012083,17.893056,5.06,103
7.057083,44.394444,5.17,104
6.982083,-33.007222,4.81,105
7.052917,16.445000,6.06,106
7.083750,10.189722,6.04,107
7.087917,-20.335000,6.43,108
7.110000,-39.915000,5.43,109
7.235833,36.900000,6.26,110
7.179583,-50.532778,6.26,111
7.729167,77.019444,6.21,112
7.582917,59.977222,5.94,113
7.530417,29.751667,5.23,114
7.466250,-14.864167,6.14,115
7.453750,-32.116667,6.57,116
7.510000,-3.957222,5.72,117
7.594583,-23.787778,5.19,118
7.615833,-40.939444,6.19,119
7.608750,-48.215000,5.69,120
7.855417,66.519444,6.18,121
7.856667,33.581667,5.87,122
7.943333,54.522222,4.73,123
7.921667,52.839444,5.60,124
7.854167,-48.803611,4.77,125
7.886250,-62.958056,4.37,126
7.890000,-62.965833,4.54,127
8.111667,43.494722,6.70,128
8.330417,70.981667,6.42,129
8.250000,62.931667,4.16,130
8.147917,20.294444,5.38,131
8.099167,6.955556,5.67,132
8.143750,27.580556,6.67,133
8.204583,28.280278,6.30,134
8.293333,54.895000,5.93,135
8.182500,-63.031111,5.09,136
8.603750,66.750278,6.48,137
8.421250,-29.558333,5.55,138
8.347083,-71.266111,6.13,139
8.615833,-52.373056,5.57,140
8.730417,13.371111,6.40,141
8.812083,-3.592778,5.20,142
8.886667,-0.505556,5.93,143
9.034583,54.168611,5.08,144
8.977917,13.206667,6.41,145
9.113750,60.326111,5.79,146
8.921250,-48.000833,5.51,147
8.889167,-54.821944,6.06,148
9.083333,27.254722,6.50,149
9.012500,-14.973611,6.45,150
9.028750,-22.842500,6.06,151
9.194167,44.488611,5.13,152
9.242917,53.896944,3.66,153
9.220417,33.719444,4.36,154
9.197083,15.231667,5.89,155
9.280000,24.014167,6.47,156
9.337917,35.399444,5.48,157
9.947083,82.493889,6.40,158
9.336250,-24.767222,5.57,159
9.155833,-65.124722,6.42,160
9.377083,3.135278,6.39,161
9.325417,-54.394167,6.41,162
9.638750,29.311667,4.37,163
9.791250,49.354444,5.43,164
9.832083,30.860833,3.27,165
9.840833,21.250556,5.87,166
9.981667,21.438333,5.36,167
10.127083,56.537222,2.23,168
9.670000,-73.137222,6.85,169
9.991250,-33.961667,6.69,170
9.966667,-44.796667,6.01,171
10.119167,-16.516944,6.49,172
10.137083,-23.804444,6.14,173
10.176667,-4.351944,5.91,174
10.280000,39.458611,5.33,175
10.110000,-59.454444,5.89,176
10.514167,66.147500,5.83,177
10.400000,24.629167,6.04,178
10.516250,50.512500,4.80,179
10.331667,-46.085000,4.59,180
10.629583,58.753333,6.17,181
10.443333,-56.501667,5.70,183
10.867083,47.024722,4.94,184
10.678750,-38.463333,6.06,185
10.674167,-60.262500,5.98,186
10.618333,-65.468056,5.39,187
10.897500,-17.986667,2.04,188
11.110000,47.864167,5.67,189
10.959167,-12.011667,6.02,190
10.838333,-57.463056,4.36,191
11.412500,74.988056,5.66,192
11.181250,48.284444,4.54,193
11.047500,-10.609444,4.76,194
11.050417,-38.421667,5.90,195
11.321667,55.221667,5.42,196
11.185000,-22.006111,5.24,197
11.237917,-42.676667,5.94,198
11.134583,-62.497778,6.07,199
11.662500,69.325000,6.33,200
11.350417,-4.629167,6.15,201
11.250000,-53.715000,6.15,202
11.369583,-12.880833,6.15,203
11.562917,55.305278,6.52,204
11.545417,44.861389,6.05,205
11.423750,-16.424167,6.47,206
11.676667,59.574444,6.39,207
11.942083,74.847500,5.41,208
11.440000,-47.551667,5.80,209
11.549167,-22.521944,5.50,210
11.637500,15.475556,5.38,211
12.037917,72.675000,5.87,212
11.756250,11.973889,5.50,213
11.806667,19.578889,6.13,214
11.834583,24.267222,4.06,215
11.848333,6.740833,5.99,216
11.978333,20.925278,6.54,217
11.930417,-18.061389,5.70,218
12.275000,57.815833,3.44,219
12.004583,-21.722500,5.57,220
12.072500,7.300000,5.93,221
12.095833,5.280556,5.75,222
12.208750,50.968333,4.89,223
12.170833,7.585000,4.43,224
12.244583,16.940556,5.07,225
12.453333,41.078889,4.53,226
12.356667,-13.561389,5.59,227
12.307917,-24.136389,5.90,228
12.236250,-46.697778,6.27,229
12.470000,27.710833,7.00,230
12.471667,27.710278,7.10,231
12.389167,-23.361667,6.28,232
12.681667,64.247500,5.39,233
12.576250,45.002222,6.15,234
12.531667,-10.644444,5.19,235
12.147500,-74.923333,5.07,236
12.818333,61.805833,6.07,237
12.739167,51.508056,6.39,238
12.515417,-43.394722,6.48,239
13.721250,83.707222,5.62,240
12.890417,51.571111,6.21,241
12.671667,-50.986944,5.22,242
12.826250,3.385000,6.37,243
13.267083,61.124167,4.82,244
12.967083,-43.709167,6.90,245
13.222500,38.548611,6.69,246
13.169167,-24.005833,5.46,247
13.252083,-1.144167,4.77,248
13.367500,37.418056,6.06,249
13.448333,52.689167,6.27,250
13.301667,-24.776944,6.46,251
13.101250,-69.504444,6.22,252
13.750417,58.972778,4.83,253
13.646667,19.188333,5.74,254
13.573333,-8.740833,6.16,255
13.771667,48.678611,6.27,256
13.407917,-62.871389,5.70,257
13.741667,23.628333,5.47,258
13.811250,24.556944,6.20,259
14.053750,57.996667,6.21,260
14.231667,68.776111,6.37,261
13.993750,27.209444,6.09,262
13.926667,-7.347222,5.85,263
14.177083,60.716667,2.47,264
14.165833,59.181111,4.63,265
14.196250,60.362778,5.55,266
14.006250,-11.266667,5.31,267
13.981250,-27.775556,6.10,268
14.188333,38.499444,3.87,269
13.751250,-69.526944,5.45,270
14.301667,23.417500,4.42,271
14.415417,45.839722,6.12,272
14.629583,66.352222,5.97,273
14.459167,28.992222,5.42,274
14.559167,33.950833,5.98,275
14.477083,13.695833,6.32,276
14.578750,21.404444,6.37,277
15.129167,70.983056,6.39,278
14.682917,-11.380000,5.61,279
14.651667,-29.357500,4.31,280
14.593333,-60.696389,6.23,281
15.014167,44.711111,6.84,282
15.015000,44.713333,6.04,283
14.957083,6.483056,6.11,284
17.186250,86.256944,4.25,285
23.460000,89.015556,6.46,286
15.576667,51.035000,6.47,287
15.326250,-38.916667,5.59,288
15.756250,47.376111,6.45,289
15.726250,41.345000,5.98,290
15.704583,31.804444,5.50,291
15.904167,61.075000,5.92,292
15.610000,-31.551944,5.50,293
15.735833,7.890000,4.28,294
15.507500,-57.002500,6.11,295
15.760833,-4.836667,5.43,296
16.081667,61.580278,5.84,297
16.010000,52.502222,5.99,298
15.705000,-46.397500,5.36,299
15.823333,-29.525833,6.29,300
15.954167,1.366667,6.04,301
16.195000,51.010000,6.54,302
16.115000,29.658611,6.19,303
15.678750,-65.456111,6.21,304
16.151667,39.991111,6.72,305
19.056250,87.145278,6.25,306
16.219167,5.656389,6.00,307
16.272500,14.946111,5.68,308
16.595000,62.761667,6.54,309
16.420417,21.473333,5.34,310
16.423750,21.465278,5.56,311
17.301250,80.011667,6.29,312
16.455000,4.908333,6.35,313
16.464167,4.909444,7.25,314
16.403333,-9.979167,6.12,315
16.750833,56.935000,6.43,316
16.521250,-9.839444,5.58,317
16.789583,53.498333,6.38,318
16.640000,12.956111,6.12,319
16.532083,-23.992500,6.14,320
17.068333,54.920278,5.17,321
16.520833,-46.718611,3.31,322
16.610417,-35.660833,6.61,323
17.003750,43.941944,5.03,324
16.804583,-23.996389,6.37,325
17.138750,58.263611,5.79,326
17.005417,32.012222,6.25,327
16.988333,20.739167,5.55,328
16.942500,-9.785556,5.82,329
17.092500,5.649722,5.52,330
16.949583,-41.486944,5.21,331
16.827917,-61.775278,5.37,332
18.069583,79.673889,5.64,333
17.147500,-10.182222,3.45,334
17.375833,47.241944,4.25,335
17.663750,68.778611,5.29,336
17.432917,35.620556,2.06,337
17.096250,-55.245833,3.92,338
17.455000,19.658611,5.55,339
17.578333,42.081389,5.65,340
17.580833,25.457778,5.80,341
17.856667,64.202778,5.55,342
17.775833,55.149722,4.33,343
17.547917,15.674167,6.06,344
17.922500,65.018889,5.57,345
17.550000,-8.906111,6.40,346
17.640000,2.445556,5.95,347
17.792917,37.724167,5.81,348
17.778333,31.424722,5.16,349
17.530833,-57.694444,6.41,350
17.863333,21.034722,4.66,351
17.915000,30.089722,4.51,352
17.931250,-2.251111,5.94,353
18.291250,61.705833,6.41,354
18.141667,45.337778,6.11,355
18.247917,30.064167,6.19,356
19.127917,79.910000,6.26,357
18.097500,-30.802222,6.52,358
18.189167,-37.856389,5.92,359
18.437083,24.583611,4.65,360
18.432917,7.575278,5.24,361
18.438750,7.578333,6.30,362
18.520833,28.529722,6.43,363
18.531667,16.133611,5.98,364
19.050417,71.743889,7.83,365
18.600000,-7.923056,5.13,366
18.676667,6.995278,6.03,367
18.705000,-0.973889,5.70,368
19.102083,48.082222,6.61,369
18.796250,-45.531389,4.96,370
19.078333,33.114722,6.02,371
19.271250,44.901944,6.34,372
19.151250,-2.500278,5.41,373
19.350417,31.744722,6.73,374
20.081250,77.570556,6.31,375
19.542500,47.419722,6.25,376
18.942083,-68.876111,4.86,377
19.450000,3.614444,5.16,378
19.695833,37.386111,6.46,379
19.265000,-66.398056,6.24,380
20.496250,76.238889,6.38,381
20.020417,58.231667,4.98,382
19.866667,27.264167,4.76,383
20.271667,64.658333,6.34,384
19.951250,-0.508889,5.87,385
20.945000,78.725833,6.07,386
20.143750,-3.246944,6.23,387
20.115833,-11.238889,6.15,388
20.280833,28.738056,5.23,389
20.585000,45.528889,4.88,390
20.840000,58.143056,6.45,391
20.654167,1.726389,6.20,392
20.645000,-0.449722,6.49,393
20.627083,-19.081389,6.35,394
20.919167,37.715000,5.58,395
20.906250,34.245833,6.29,396
20.853750,20.468889,5.97,397
21.443750,70.980000,6.49,398
21.483333,68.130000,4.74,399
20.879167,-30.945556,5.84,400
21.010417,-8.007500,6.21,401
21.005833,-8.183333,3.60,402
21.454167,60.235278,2.68,403
21.085833,-6.914722,5.91,404
21.165833,-15.660278,6.14,405
21.202917,-2.848611,6.15,406
21.398750,23.511667,6.18,407
21.170000,-41.492500,5.42,408
21.577500,43.457778,5.96,409
21.536250,34.579722,6.31,410
21.174583,-44.528333,6.26,411
21.405000,-14.598889,4.90,412
21.563750,19.172222,5.38,413
21.673750,19.240278,5.50,414
21.775833,34.377500,6.27,415
21.613750,-0.398611,6.41,416
21.914167,45.406667,4.83,417
21.860833,41.100556,6.46,418
21.722917,3.535278,6.58,419
21.272083,-64.369444,5.93,420
21.715000,-13.056667,5.66,421
21.945833,40.335556,6.60,422
21.742083,-32.543056,5.79,423
37.952917,89.264167,2.02,424
21.944167,-10.901667,6.13,425
22.095417,7.961389,6.20,426
22.807500,70.264722,5.81,427
22.717917,66.098056,6.14,428
22.091250,-43.318333,3.41,429
22.525833,47.007222,5.27,430
22.180417,-33.763611,6.58,431
22.470417,18.355556,6.02,432
22.400417,-21.629444,5.12,433
22.546250,6.143889,4.84,434
22.376667,-46.756389,6.31,435
22.595417,-26.207778,5.93,436
22.870833,15.345833,3.62,437
23.031667,34.800000,6.39,438
23.357500,58.327500,5.70,439
22.812917,-49.072778,3.95,440
22.930417,-30.283333,5.82,441
23.482917,59.231944,4.71,442
22.912917,-45.575556,6.17,443
23.264583,-9.014722,6.59,444
23.233333,-36.865278,5.51,445
23.569167,37.237222,5.88,446
23.151250,-49.727778,6.28,447
23.428750,-7.025278,5.76,448
24.343750,74.300833,6.58,449
23.704583,18.460556,5.89,450
23.657500,-15.676111,5.63,451
23.968750,41.076389,6.38,452
23.711250,-31.892222,6.12,453
24.113333,48.722778,5.92,454
23.943333,14.661389,6.22,455
24.628750,73.040000,5.28,456
23.978333,17.433611,5.80,457
24.199167,41.405556,4.09,458
23.995833,-15.400278,5.42,459
23.813333,-58.139444,6.01,460
24.531667,57.977500,5.56,461
24.035000,-29.907500,5.69,462
24.274583,12.141667,5.57,463
24.498333,48.628333,3.57,464
24.632083,45.400000,6.36,465
24.407083,-9.403889,6.24,466
23.413333,-78.504722,6.11,467
24.186667,-58.270833,6.18,468
24.837500,44.386111,4.98,469
25.054583,53.868333,6.39,470
24.614167,-36.528333,5.94,471
24.428750,-57.236667,0.46,472
24.715833,-21.275278,5.58,473
24.708333,-25.021944,6.70,474
24.920000,16.405833,5.97,475
25.165833,43.297778,5.61,476
25.145000,40.576944,4.94,477
25.585417,68.043056,5.59,478
24.700833,-53.438889,6.84,479
25.732917,70.622500,5.18,480
25.512500,61.038333,6.71,481
25.574167,58.627778,6.37,482
25.446667,42.613611,4.95,483
25.326667,25.745833,6.17,484
25.413333,30.047222,5.99,485
24.947500,-56.198056,5.87,486
24.949167,-56.194722,5.76,487
25.743333,61.421667,6.34,488
25.357917,5.487500,4.44,489
25.514583,35.245556,5.64,490
25.832083,60.551111,5.78,491
25.436250,-11.324722,5.75,492
25.624167,20.268611,5.24,493
25.363750,-38.133056,6.17,494
25.818750,45.322222,6.34,495
25.915000,50.688611,4.07,496
25.535833,-32.326944,5.25,497
25.512500,-36.832500,5.72,498
26.074583,57.536389,6.21,499
25.681250,-3.690278,4.99,500
25.421250,-50.038889,6.64,501
26.192083,57.089167,6.25,502
25.958333,32.191667,6.34,503
26.110417,46.139722,6.35,504
25.450000,-60.789444,5.71,505
25.622083,-53.740556,5.52,506
25.978333,-4.765556,6.19,507
26.232500,20.083056,6.27,508
26.017083,-15.937500,3.50,509
26.348333,9.157778,4.26,510
26.936667,63.852222,5.63,511
24.481667,-82.975000,5.87,512
26.497083,-5.733333,5.34,513
26.411667,-25.052500,5.31,514
26.647083,17.413056,6.55,515
25.338750,-79.148333,6.33,516
26.504167,-27.349167,6.39,517
26.950000,46.229722,6.32,518
26.524167,-50.816389,5.49,519
26.526250,-53.521944,5.04,520
27.162083,37.952778,5.94,521
27.045417,16.955556,5.84,522
27.173333,32.690278,5.79,523
26.820000,-41.760000,6.18,524
24.366667,-84.769722,5.69,525
27.315417,47.896944,5.82,526
27.108333,3.685556,5.91,527
26.949167,-37.159722,6.32,528
27.737917,51.933333,5.90,529
27.535417,22.275278,5.86,530
27.396250,-10.686389,4.67,531
27.331250,-31.072778,6.34,532
27.997083,55.147500,5.52,533
27.716667,11.043333,5.94,534
27.453333,-38.403889,6.37,535
28.039167,50.792778,5.79,536
27.584167,-47.816389,6.14,537
28.211667,51.474722,6.26,538
27.865000,-10.335000,3.73,539
28.452083,55.598056,6.45,540
27.727083,-50.206111,5.94,541
28.598750,63.670000,3.38,542
28.322083,40.729722,5.40,543
28.270417,29.578889,3.41,544
28.382500,19.295833,4.83,545
28.382500,19.293611,4.75,546
28.217083,-16.929167,5.80,547
29.000000,68.685278,4.99,548
28.388750,3.187500,4.62,549
26.943750,-80.176667,6.06,550
28.724167,40.701944,6.24,551
28.739583,37.128333,6.26,552
28.660000,20.808056,2.64,553
28.346667,-38.594722,6.10,554
28.411667,-46.302500,4.41,555
28.976667,37.277778,5.89,556
29.038750,37.251667,5.67,557
28.591667,-42.496944,5.11,558
28.962500,23.577222,5.74,559
28.974167,1.849722,6.01,560
29.638750,61.698056,6.02,561
29.485000,41.694444,6.78,562
29.337917,17.817500,5.10,563
29.432500,27.804444,5.82,564
29.167500,-22.526944,4.85,565
28.989583,-51.608889,3.70,566
29.908333,64.621389,5.26,567
29.640000,49.204167,5.69,568
29.482083,23.596111,4.79,569
28.733750,-67.647222,4.69,570
28.943333,-60.861389,6.06,571
30.738333,77.916389,6.04,572
29.250417,-51.766111,6.10,573
29.291667,-47.385000,4.83,574
30.489167,70.906944,4.54,575
29.611250,-33.066667,6.35,576
29.898750,21.058333,5.87,577
29.857917,12.294722,6.09,578
30.793750,73.850556,6.23,579
30.858750,72.421389,3.98,580
31.280833,77.281389,5.38,581
30.038333,3.097222,5.88,582
29.942083,-20.824444,5.41,583
29.473333,-65.424722,6.37,584
30.001250,-21.077778,4.00,585
30.719583,64.901389,6.00,586
30.112083,-8.523611,5.51,587
29.911667,-42.030556,5.57,588
30.751250,64.390000,5.58,589
30.575417,54.487500,5.04,590
29.692500,-61.569722,2.86,591
31.380000,76.115000,5.22,592
28.960417,-78.348333,6.16,593
30.311250,-30.001667,5.35,594
30.511667,2.763611,5.23,595
30.511667,2.763611,4.33,596
32.355417,81.295833,6.05,597
31.167083,65.103333,6.52,598
30.741667,33.283889,5.50,599
29.921250,-66.066389,6.10,600
30.646667,13.476667,5.94,601
30.426667,-44.713611,5.14,602
30.975000,42.329722,2.26,603
30.977917,42.330833,4.84,604
30.913750,25.935556,5.63,605
30.617083,-29.665000,6.42,606
30.798750,0.128333,5.43,607
30.744167,-15.305833,5.86,608
30.927500,18.253333,6.21,609
30.950833,-0.340278,5.93,610
30.918750,-4.103611,5.62,611
31.122500,-29.296944,4.69,612
31.641250,22.648333,5.03,613
31.551250,8.247500,6.31,614
31.705000,25.704722,6.15,615
31.622083,0.035000,6.28,616
31.793333,23.462500,2.00,617
32.168750,58.423611,5.67,618
32.140000,44.459444,6.42,619
32.122083,37.859167,4.82,620
32.532500,53.843056,6.31,621
32.385833,34.987222,3.00,622
32.355417,25.939722,4.98,623
32.346250,17.224444,6.43,624
32.190417,-17.779444,6.10,625
33.338333,74.027778,6.29,626
32.870833,57.645833,6.36,627
32.720000,39.039444,5.63,628
32.723750,39.043056,6.10,629
32.395000,-24.345833,6.48,630
32.656667,19.500278,5.70,631
32.288750,-43.516667,5.85,632
32.800000,25.936944,6.02,633
32.854167,31.526389,6.23,634
32.837917,8.569722,5.63,635
32.520417,-43.815556,6.32,636
32.606667,-50.824444,6.12,637
32.842500,-10.052222,6.01,638
32.899167,-1.825278,5.93,639
33.621250,66.524444,6.07,640
33.422917,58.561111,6.44,641
33.092917,30.303056,4.94,642
33.305417,44.231667,4.83,643
33.156250,24.167778,5.96,644
33.401250,51.065833,5.31,645
33.200417,21.210833,5.27,646
33.510833,47.484167,6.06,647
33.263750,15.279722,5.71,648
33.250000,8.846667,4.37,649
33.197917,-2.393611,5.54,650
33.253750,-21.000278,5.86,651
33.227083,-30.723889,5.28,652
33.991250,47.811389,6.33,653
34.215417,57.055278,6.48,654
33.984167,33.358889,5.28,655
33.941667,25.783056,5.79,656
33.928333,25.043056,5.58,657
33.867917,-9.465556,6.55,658
33.633333,-41.166667,5.91,659
34.263333,34.224167,4.87,660
34.499583,57.899722,5.75,661
34.518750,57.516667,5.98,662
34.389167,44.306944,6.70,663
34.328750,33.847222,4.01,664
34.293333,23.767778,6.55,665
34.245833,-6.422222,5.51,666
33.561250,-67.841667,5.55,667
35.053750,64.337222,6.60,668
34.531250,19.901111,5.62,669
34.820000,47.380000,5.30,670
34.795417,46.472500,6.21,671
34.505833,1.757778,5.58,672
34.844583,48.955278,6.37,673
34.127500,-51.512222,3.56,674
34.737500,28.642500,5.03,675
34.741667,23.167778,6.46,676
34.905417,39.835000,6.63,677
33.868750,-67.746389,5.69,678
35.172500,47.310833,6.11,679
35.018333,30.188333,6.47,680
34.836250,-2.977500,3.04,681
35.242500,50.151389,5.59,682
34.743750,-25.945556,6.34,683
34.920000,-4.345556,6.50,684
35.589167,55.845556,5.17,685
34.852917,-41.848333,6.37,686
35.709583,41.396389,5.82,687
34.976250,-55.944722,5.81,688
35.485833,0.395833,5.28,689
35.965833,55.364444,6.28,690
35.551667,-0.885000,5.42,691
35.505833,-10.777778,5.46,692
35.520833,-17.662222,5.87,693
36.103750,50.006667,5.19,694
35.635833,-23.816389,5.20,695
36.316667,56.610000,6.25,696
35.740833,-18.354444,6.22,697
35.549167,-43.200000,6.31,698
36.405833,50.278611,4.71,699
35.777083,-37.576389,6.53,700
35.727500,-51.092222,5.92,701
36.204167,10.610556,5.47,702
36.083750,-25.847500,6.44,703
36.243333,-2.780000,6.33,704
35.437083,-68.659444,4.09,705
36.140833,-40.840556,6.18,706
37.266667,67.402500,4.52,707
36.487500,-12.290556,4.89,708
36.965833,50.569722,6.12,709
36.501250,-15.341111,5.83,710
36.779167,27.013333,6.18,711
36.865417,31.801389,5.54,712
36.646667,-20.042778,5.88,713
36.224583,-60.311944,5.35,714
35.717917,-73.645833,5.01,715
37.354167,55.536389,6.51,716
37.041667,29.669444,5.29,717
37.039583,8.460000,4.28,718
37.000000,1.960833,6.45,719
37.202083,29.931944,5.89,720
36.746250,-47.703889,4.25,721
36.359583,-66.494722,6.41,722
37.306667,23.468889,6.19,723
37.007083,-33.811111,5.14,724
37.397083,9.565833,6.07,725
37.569167,33.833889,6.25,726
37.147500,-31.102500,6.11,727
37.635000,25.235000,5.92,728
37.660000,19.855278,6.15,729
37.480833,-22.682778,6.77,730
37.726667,17.703889,6.23,731
37.688333,0.255278,6.00,732
37.557500,-25.186389,6.51,733
37.018333,-64.299722,6.37,734
37.636667,-22.545556,6.10,735
38.025833,36.147222,5.15,736
37.875417,2.267222,5.25,737
38.218750,34.542500,5.83,738
38.039167,-1.035000,5.35,739
38.021667,-15.244722,4.75,740
38.225417,15.034722,6.04,741
38.061667,-36.427500,6.30,742
39.508333,72.818333,5.16,743
38.279167,-34.650000,5.90,744
38.417500,-20.001944,6.21,745
38.866250,39.664444,6.36,746
39.400417,65.745556,5.78,747
38.911667,37.312222,5.71,748
38.461250,-28.232500,4.90,749
38.945000,34.687500,5.35,750
38.767083,7.471389,6.18,751
38.677917,-7.859444,5.75,752
39.020417,6.886944,5.82,753
38.968750,5.593333,4.86,754
38.477500,-51.093611,6.24,755
39.238333,38.732778,5.90,756
39.178750,31.607500,6.10,757
39.260417,34.263889,5.30,758
39.000000,-7.831667,5.53,759
39.336667,39.895833,6.54,760
39.276667,32.891944,6.25,761
38.390000,-62.586944,6.77,762
39.157917,12.447500,5.68,763
39.240417,24.648333,7.09,764
39.252083,24.647500,6.50,765
39.146250,7.729722,5.81,766
39.038750,-30.044722,5.75,767
39.574167,37.726667,6.18,768
39.615833,38.089444,6.30,769
39.503333,7.695278,6.39,770
39.424167,-3.396111,5.65,771
39.244167,-34.578333,5.79,772
39.704167,21.961389,5.43,773
41.948333,81.448333,5.78,774
39.653750,3.443056,6.21,775
37.918750,-79.109444,5.28,776
39.577917,-30.194167,5.83,777
39.351667,-52.543056,5.31,778
39.870833,0.328611,4.07,779
39.603333,-37.990556,6.49,780
39.890833,-11.872222,4.84,781
40.171250,27.060833,5.30,782
40.065417,6.111944,6.25,783
40.051250,-9.453056,5.78,784
40.761667,55.105833,5.77,785
40.010417,-30.633889,6.52,786
40.748750,53.526111,5.84,787
40.562083,40.193889,4.91,788
39.950000,-42.891667,4.75,789
40.307917,-0.695833,5.71,790
41.207083,67.824722,5.95,791
40.757917,48.265556,6.48,792
40.591667,20.011667,5.69,793
40.166667,-39.855556,4.11,794
40.451250,-3.213333,6.05,795
40.391667,-14.549444,5.98,796
40.620417,10.741667,6.30,797
39.882083,-64.281944,6.55,798
41.050000,49.228333,4.12,799
41.021667,44.296944,5.43,800
40.862917,27.707222,4.66,801
40.165000,-54.550000,5.21,802
40.963333,25.638056,6.35,803
40.825000,3.235833,3.47,804
40.527500,-38.383889,6.01,805
39.897500,-68.266944,4.11,806
40.535417,-46.524444,6.10,807
41.079583,17.763889,6.46,808
41.137083,15.311667,5.77,809
40.639583,-50.800278,5.41,810
41.030833,-13.858611,4.25,811
41.240000,12.445833,5.18,812
41.235417,10.114167,4.27,813
40.834583,-40.527500,6.36,814
42.231250,69.634167,6.18,815
41.337083,4.711667,6.03,816
41.085417,-32.525000,6.22,817
41.275833,-18.572500,4.47,818
41.742917,35.983611,6.25,819
41.764583,35.555000,6.30,820
41.044583,-52.570556,6.15,821
41.318750,-46.287222,6.85,822
40.860833,-66.714444,6.26,823
41.977083,29.247222,4.51,824
42.378333,57.084167,6.25,825
41.688333,-21.639722,6.49,826
41.796667,-22.485556,6.47,827
42.133750,18.283611,5.82,828
42.994583,68.888611,5.80,829
42.191250,25.188056,5.86,830
42.362917,37.326111,6.45,831
41.983333,-12.460556,6.90,832
41.364583,-63.704444,5.74,833
42.674167,55.895556,3.76,834
41.890417,-35.550833,6.51,835
42.322917,17.464167,5.22,836
41.385833,-67.616667,4.84,837
42.495833,27.260556,3.63,838
42.939583,58.314722,6.45,839
42.646250,38.318611,4.23,840
42.272500,-32.405833,4.46,841
42.923750,46.841944,5.88,842
42.878333,35.059722,4.53,843
42.462500,-24.560278,6.14,844
42.475833,-27.941667,5.39,845
43.216667,52.997778,6.36,846
42.873333,15.081944,5.49,847
42.561667,-35.843611,5.92,848
43.338333,48.569444,6.26,849
42.759583,-21.004167,4.75,850
42.668333,-35.676111,5.47,851
42.256250,-62.806667,5.26,852
42.699583,-39.931667,6.36,853
43.564583,52.762500,3.95,854
43.427500,38.337500,5.33,855
43.298750,16.483333,6.31,856
43.133750,-12.769444,6.04,857
42.980417,-30.814444,6.40,858
43.210417,-9.441111,6.32,859
43.987083,61.521111,5.59,860
44.103333,64.332500,6.24,861
43.397083,-22.376389,5.95,862
43.393333,-38.436944,5.92,863
44.210833,51.260833,6.22,864
44.139167,47.163889,6.02,865
43.080000,-62.909722,6.03,866
43.952083,18.331667,5.91,867
43.470417,-49.890278,4.00,868
44.108750,18.023056,5.63,869
44.057500,8.381667,5.97,870
43.527083,-50.871389,6.21,871
42.618750,-75.066944,4.75,872
44.322083,31.934167,5.11,873
44.107083,-8.898056,3.89,874
44.155833,-3.712222,5.17,875
44.509583,38.615000,6.04,876
44.269167,4.501111,6.11,877
44.521667,20.668611,5.80,878
44.690417,39.662778,4.70,879
43.587083,-64.435556,6.56,880
46.532500,79.418611,5.49,881
44.765417,35.183056,4.93,882
44.348750,-23.861944,5.45,883
44.304583,-29.855278,6.29,884
44.957917,47.220833,5.47,885
44.916250,41.033056,5.89,886
44.802917,21.340278,4.63,887
44.802917,21.340278,4.63,888
44.523750,-23.606111,5.84,889
45.217500,52.351667,5.28,890
45.222500,52.352222,6.74,891
44.675000,-2.782500,5.23,892
44.386250,-38.191111,6.41,893
45.049167,38.131667,6.11,894
44.697500,-9.776389,6.14,895
44.928750,8.907500,4.70,896
44.565417,-40.304722,3.24,897
44.567917,-40.304444,4.35,898
44.921667,-2.465000,5.56,899
44.777500,-28.906944,6.14,900
44.900417,-25.274167,5.71,901
45.183750,10.870278,5.95,902
44.909583,-32.507222,6.31,903
45.212500,-2.878611,6.11,904
45.475417,26.462222,5.90,905
47.928333,81.470556,5.95,906
45.291667,-7.662778,5.75,907
45.467917,5.336111,6.25,908
44.699167,-64.071389,4.99,909
45.593750,4.352778,5.61,910
45.570000,4.089722,2.53,911
45.483750,-9.961389,5.83,912
45.538750,-6.494722,6.19,913
45.407083,-28.091667,5.89,914
46.199167,53.506389,2.93,915
45.876250,28.269722,6.36,916
45.676250,-7.685278,5.32,917
46.385000,56.705833,4.76,918
45.597917,-23.624444,4.09,919
46.416250,56.068611,6.11,920
46.294167,38.840278,3.39,921
46.829167,64.057778,5.89,922
46.336667,40.582500,6.05,923
46.169583,15.856111,6.49,924
46.068333,-7.600833,5.26,925
46.158750,1.863611,6.05,926
46.361250,25.255278,6.80,927
46.361250,25.255278,7.00,928
45.732917,-46.975000,5.82,929
47.016250,52.213333,6.31,930
46.598750,13.187222,5.62,931
47.984583,74.393611,4.87,932
46.947500,47.308333,6.41,933
45.903333,-59.737778,5.11,934
46.639583,-6.088611,5.27,935
47.042083,40.955556,2.12,936
47.266667,49.613333,4.05,937
46.857083,17.880000,6.11,938
45.564167,-71.902500,5.53,939
47.088333,18.795000,6.27,940
47.374167,44.857222,3.80,941
47.161250,8.470833,6.28,942
46.962083,-27.831111,6.19,943
47.402917,29.076944,5.72,944
47.536667,27.820000,6.42,945
47.612500,26.896389,6.02,946
47.822500,39.611667,4.63,947
47.662083,11.872500,5.98,948
48.110000,47.725833,6.33,949
48.040000,42.376111,6.15,950
47.907500,19.726667,4.35,951
47.841250,13.047778,6.12,952
47.647500,-23.738333,6.38,953
48.059167,27.256944,5.79,954
47.828333,-3.811667,6.05,955
48.350000,48.176944,5.90,956
47.820000,-16.025278,6.26,957
48.110000,6.660833,5.56,958
46.955000,-69.265556,6.15,959
47.614167,-48.734167,6.12,960
50.082083,77.734722,5.45,961
48.193333,-1.196111,5.06,962
48.017917,-28.986944,3.87,963
48.950000,57.140833,5.79,964
53.083750,84.911111,5.61,965
48.736250,42.503889,6.07,966
49.381667,65.658611,6.36,967
48.107500,-44.419722,5.93,968
49.050833,50.937778,5.03,969
48.256250,-35.943889,6.27,970
48.835417,30.556667,5.52,971
48.725417,21.044444,4.89,972
49.019583,45.345833,6.16,973
48.408333,-29.804167,6.16,974
48.945833,32.856389,6.31,975
49.007917,34.688611,6.25,976
48.138333,-57.321667,5.74,977
49.146250,32.183611,6.06,978
49.297500,40.483333,6.45,979
48.750833,-26.100278,6.25,980
46.883333,-78.989444,5.57,981
49.447500,44.025000,5.47,982
49.003750,-5.918611,6.17,983
48.958333,-8.819722,4.80,984
49.997500,65.652222,4.84,985
49.440833,39.283333,5.96,986
49.657500,50.222222,5.15,987
49.148750,-9.154444,6.14,988
49.781667,50.095000,5.03,989
49.047083,-30.827500,6.65,990
49.682500,34.222778,4.82,991
49.593333,-0.930278,5.38,992
49.511667,-28.796944,5.91,993
49.592083,-22.511389,4.88,994
49.982500,27.071111,5.90,995
49.840417,3.370278,4.83,996
49.671667,-18.559722,5.71,997
49.360833,-47.751667,5.85,998
50.085000,29.048333,4.47,999
50.106667,25.662778,6.12,1000
50.469167,49.070833,5.93,1001
50.360417,43.329444,4.95,1002
49.879167,-21.757778,3.69,1003
49.895000,-24.123056,5.61,1004
50.306667,21.146944,5.28,1005
49.442500,-62.575278,5.54,1006
50.278333,3.675556,5.69,1007
49.982083,-43.069722,4.27,1008
51.168750,64.586111,5.23,1009
49.553750,-62.506389,5.24,1010
50.805000,49.213333,5.29,1011
50.549583,27.607500,5.52,1012
50.188333,-26.606389,6.39,1013
49.495833,-66.926944,6.05,1014
50.688333,20.741944,5.09,1015
50.350000,-23.635278,5.52,1016
51.080833,49.861111,1.79,1017
50.567917,-25.587778,6.35,1018
51.123750,33.535833,5.61,1019
51.451667,53.921667,6.51,1020
50.388750,-47.776944,6.39,1021
51.077083,24.724167,5.50,1022
50.912917,4.881944,6.38,1023
50.824167,-7.794167,6.20,1024
48.990000,-77.388333,5.52,1025
51.289167,41.257222,6.51,1026
51.108750,20.803611,6.08,1027
51.042083,12.629444,6.04,1028
51.489167,49.120833,6.09,1029
51.203333,9.028889,3.60,1030
50.935833,-32.707222,6.50,1031
52.581250,71.863889,6.32,1032
52.098333,60.255556,6.49,1033
52.012917,49.062778,4.98,1034
52.267083,59.940278,4.21,1035
51.763333,18.756389,6.57,1036
52.218333,49.848333,5.58,1037
51.792500,9.732778,3.74,1038
51.827917,12.735000,6.28,1039
52.478750,58.878611,4.54,1040
52.086667,33.807500,5.61,1041
51.482500,-35.920833,6.39,1042
52.547083,59.366111,6.13,1043
52.342083,49.508889,4.67,1044
51.593750,-27.317500,5.93,1045
52.500833,55.451944,5.09,1046
52.359167,46.937778,6.24,1047
52.110833,22.804167,6.03,1048
51.548750,-41.636944,6.32,1049
52.004167,-11.286667,5.73,1050
52.654167,48.103611,5.82,1051
52.643750,47.995278,4.36,1052
51.010417,-69.624722,6.15,1053
51.889167,-35.681389,5.71,1054
53.801667,73.346944,6.57,1055
52.872500,49.209722,6.29,1056
52.047917,-35.853333,6.50,1058
52.954583,49.400833,6.39,1059
52.412917,-6.805000,5.99,1060
52.602083,11.336389,5.14,1061
52.400000,-12.674722,5.59,1062
53.035833,48.023611,5.47,1063
51.400833,-69.336389,5.96,1064
52.836667,27.571944,5.96,1065
52.718333,12.936667,4.11,1066
52.689167,6.188611,5.94,1067
53.383750,58.765000,6.40,1068
53.109583,46.056944,5.31,1069
52.654583,-5.075278,4.73,1070
53.421667,57.868889,6.37,1071
53.162917,44.855556,6.41,1072
53.412500,54.974722,5.98,1073
53.166667,35.461667,5.90,1074
52.479167,-42.634167,5.78,1075
52.556667,-41.370000,6.12,1076
53.753333,60.041111,6.46,1077
53.396250,39.899444,5.81,1078
53.150000,9.373611,5.77,1079
54.853333,75.739722,6.27,1080
52.654167,-47.375278,5.99,1081
52.974583,-25.614167,6.38,1082
52.344583,-62.937500,4.72,1083
53.232500,-9.458333,3.73,1084
53.534583,17.832778,6.17,1085
53.610833,24.464444,5.92,1086
54.122500,48.192778,4.23,1087
53.447083,-21.632778,4.27,1088
53.705000,6.417778,6.49,1089
53.145000,-50.378611,5.68,1090
53.655833,-9.868611,6.25,1091
52.715000,-66.489722,5.83,1092
53.486667,-31.080278,6.20,1093
54.582083,56.932778,6.30,1094
53.639583,-31.874722,6.40,1095
53.215000,-61.016944,6.41,1096
54.500833,42.583056,6.42,1097
53.990417,-11.193611,5.57,1098
54.197083,0.587778,5.71,1099
54.072500,-17.466944,5.23,1100
54.218333,0.401667,4.28,1101
54.449167,15.430833,6.39,1102
54.750417,20.915833,6.50,1103
53.602917,-65.764444,6.75,1104
55.538750,63.216667,5.10,1105
54.273750,-40.274722,4.58,1106
62.506250,86.626111,5.86,1107
54.621667,-7.391667,5.85,1108
52.495000,-78.351944,5.70,1109
54.857083,16.536667,6.16,1110
54.754583,-5.626111,5.96,1111
55.677917,59.969444,5.76,1112
55.282917,37.580000,5.57,1113
54.698750,-27.943056,6.01,1114
54.962917,3.056944,5.57,1115
54.909583,-3.393056,6.23,1116
54.855833,-10.437222,6.19,1117
55.192917,25.329444,6.11,1118
54.997917,-1.120556,6.12,1119
55.047500,-15.226667,6.33,1120
55.159583,-5.210556,5.53,1121
55.731250,47.787500,3.01,1122
55.593750,33.965000,4.97,1123
56.503750,67.201667,5.80,1124
55.307500,-11.803056,6.49,1125
55.578750,19.700278,5.69,1126
56.026667,48.523611,6.06,1127
55.343333,-19.584722,6.59,1128
56.509583,63.345000,4.80,1129
56.170417,46.099722,6.11,1130
56.079583,32.288333,3.83,1131
55.946667,19.665000,6.14,1132
56.130833,36.460000,5.59,1133
55.562083,-31.938333,5.00,1134
56.298333,42.578611,3.77,1135
55.812083,-9.763333,3.54,1136
56.117083,20.928611,6.10,1137
57.307500,70.871111,5.44,1138
55.890833,-10.485556,5.60,1139
56.200833,24.289444,5.46,1140
56.497083,45.681944,5.66,1141
56.218750,24.113333,3.70,1142
55.708750,-37.313611,4.59,1143
56.290417,24.839167,5.64,1144
56.302083,24.467222,4.30,1145
56.127083,-1.163056,5.25,1146
56.884167,55.922500,6.10,1147
57.589583,71.332222,4.63,1148
56.456667,24.367778,3.87,1149
56.235417,-0.296667,5.55,1150
56.476667,24.554722,5.76,1151
56.512083,24.528056,6.43,1152
56.418333,6.050000,5.35,1153
54.125000,-78.323056,6.29,1154
57.380000,65.526111,4.47,1155
56.581667,23.948333,4.18,1156
56.025833,-40.660278,6.45,1157
57.402917,63.297222,5.85,1158
56.539583,6.803056,5.91,1159
57.076250,50.736667,6.14,1160
57.331667,57.118056,6.46,1161
56.535417,-12.101667,4.42,1162
56.969167,33.600000,6.57,1163
56.953750,32.195000,6.25,1164
56.871250,24.105000,2.87,1165
57.924167,68.507500,6.32,1166
56.210833,-48.061389,6.49,1167
56.140833,-54.273889,6.30,1168
56.315833,-47.359722,5.73,1169
57.284167,43.963056,6.02,1170
56.614167,-29.338056,5.90,1171
57.087083,23.421111,5.45,1172
56.712083,-23.249722,4.23,1173
57.067917,11.143333,5.07,1174
56.050000,-64.806944,3.85,1175
57.518750,44.967778,5.66,1176
57.385833,33.091389,5.11,1177
57.290417,24.053333,3.63,1178
56.833750,-29.901944,6.55,1179
57.296667,24.136667,5.09,1180
56.915000,-23.874722,5.24,1181
57.162083,0.227778,5.91,1182
57.431250,23.711667,6.17,1183
56.983333,-30.167778,5.54,1184
57.479167,22.244444,6.07,1185
56.956667,-36.105833,6.21,1186
57.149167,-20.903056,5.81,1187
57.578750,25.579444,5.26,1188
57.147500,-37.622222,5.40,1189
57.149583,-37.620556,4.73,1190
57.973750,34.359167,5.77,1191
58.430417,57.975000,5.80,1192
57.902500,22.031667,6.83,1193
57.815833,13.045833,6.30,1194
57.363750,-36.200278,4.17,1195
59.125833,71.821667,6.34,1196
58.017917,31.168333,6.25,1197
58.411250,48.650556,5.76,1198
58.000833,6.534722,5.67,1199
57.656667,-36.425278,6.86,1200
58.291667,17.326944,5.97,1201
58.173333,-5.361389,5.48,1202
58.532917,31.883611,2.85,1203
59.356250,63.072222,5.03,1204
59.284583,61.108889,5.00,1205
58.304167,-18.434444,6.22,1206
58.992500,47.871389,5.37,1207
56.809583,-74.238889,3.24,1208
58.845833,31.045833,6.10,1209
59.152083,50.695278,5.28,1210
58.572500,-2.952778,6.14,1211
58.572917,-2.954722,4.79,1212
58.427500,-24.612500,4.65,1213
58.412083,-34.732222,5.11,1214
59.119583,35.081111,5.49,1215
58.388750,-46.893611,5.93,1216
58.817917,-12.099167,6.00,1217
59.217083,22.478056,5.63,1218
58.596667,-40.357222,5.71,1219
59.463333,40.010278,2.89,1220
59.265833,23.175556,6.06,1221
59.360000,24.461944,6.16,1222
59.512917,34.814444,6.53,1223
59.257083,6.040000,6.09,1224
59.157917,-9.750833,6.19,1225
59.621250,38.840278,6.30,1226
58.641667,-52.690556,6.46,1227
59.741250,35.791111,4.04,1228
59.916667,38.820556,6.38,1229
62.511667,80.698611,5.10,1230
59.507500,-13.508611,2.95,1231
59.717917,-5.470000,5.83,1232
59.919583,10.330833,6.37,1233
60.311250,36.990000,6.41,1234
59.875417,-12.574167,5.60,1235
59.016667,-63.463611,6.14,1236
60.153750,17.296667,6.32,1237
60.203333,18.193889,5.89,1238
60.170000,12.490278,3.47,1239
59.981250,-24.016389,4.66,1240
61.512917,68.680000,5.87,1241
61.113333,59.155556,5.06,1242
60.442083,9.997778,5.67,1243
60.383333,-1.549722,5.28,1244
59.678750,-57.102500,6.05,1245
60.169583,-30.490833,5.93,1246
59.686250,-61.400278,4.56,1247
61.662500,65.520833,6.17,1248
60.652917,-0.268889,5.38,1249
60.065417,-51.564722,6.51,1250
60.789167,5.989167,3.91,1251
61.090417,24.105833,5.47,1252
60.935833,5.435556,5.33,1253
60.985833,8.197222,5.46,1254
61.652500,54.008611,6.31,1255
61.173750,22.081944,4.36,1256
61.041250,2.826944,5.36,1257
60.852917,-20.144167,6.46,1258
60.903333,-20.158333,7.01,1259
61.962917,62.330000,6.99,1260
61.645833,50.351389,4.29,1261
61.334167,22.008889,5.90,1262
61.036250,-16.588889,6.39,1263
60.224167,-62.159444,4.51,1264
61.094583,-12.792500,5.61,1265
60.325833,-61.078889,4.97,1266
61.170833,-20.381667,6.13,1267
61.651667,27.600000,5.20,1268
61.752083,29.001389,5.23,1269
62.365000,59.908056,6.28,1270
55.633750,-85.262222,6.41,1271
61.485417,-8.856111,6.26,1272
62.165417,47.712500,4.04,1273
61.444583,-20.512222,6.34,1274
61.405833,-27.651667,5.59,1275
62.343333,54.828889,6.18,1276
62.063750,37.727778,6.09,1277
62.152500,38.039722,5.51,1278
61.925000,15.162778,6.01,1279
61.997500,17.339722,5.89,1280
63.437083,72.126389,6.03,1281
63.215000,68.501667,6.32,1282
62.291667,19.609167,5.50,1283
62.256667,13.398333,5.95,1284
61.854583,-42.916944,6.59,1285
62.745833,33.586667,5.72,1286
62.707917,26.480833,5.41,1287
62.324167,-16.385833,5.37,1288
67.054167,83.807778,5.57,1289
62.593750,-6.923889,5.44,1290
62.141250,-45.864722,6.59,1291
62.834583,5.523056,5.72,1292
62.698750,-8.819722,5.70,1293
61.840000,-64.222500,6.38,1294
63.130833,17.277500,6.09,1295
63.757500,57.460278,6.08,1296
63.213333,22.413611,6.12,1297
62.966250,-6.837500,4.04,1298
62.690833,-35.273889,6.44,1299
62.900833,-20.356111,5.79,1300
63.498333,37.966944,6.45,1301
62.710833,-41.993611,4.93,1302
63.724583,48.409444,4.14,1303
67.500417,83.340556,5.46,1304
64.223333,61.850278,5.70,1305
63.722083,40.483611,4.71,1306
63.395000,10.212222,6.23,1307
63.380417,8.890556,6.51,1308
63.387917,7.716111,5.29,1309
63.457917,12.753333,6.25,1310
63.485000,9.263611,4.84,1311
63.409167,-1.149722,6.44,1312
64.284167,57.860556,5.71,1313
64.179583,53.611944,5.19,1314
63.651250,10.011111,5.22,1315
63.131667,-44.368333,6.71,1316
66.761667,80.824167,5.43,1317
63.598750,-10.256389,4.87,1318
63.942917,15.400556,6.32,1319
63.883750,8.892222,4.29,1320
63.857500,6.199722,6.93,1321
63.871667,6.186667,6.31,1322
63.398750,-40.357778,6.37,1323
64.560833,50.295556,4.61,1324
63.817917,-7.652778,4.43,1325
63.500417,-42.294444,3.86,1326
65.167917,65.140556,5.27,1327
64.534167,42.141111,6.22,1328
64.315000,20.578611,4.94,1329
64.805417,50.048889,5.45,1330
64.596667,21.579167,5.65,1331
64.330000,-6.471944,5.94,1332
65.047917,50.920833,5.55,1333
64.602083,9.486667,6.54,1334
65.448333,60.735556,5.39,1335
63.606250,-62.473889,3.35,1336
65.060000,41.808056,5.92,1337
64.006667,-51.486667,4.25,1338
64.858750,21.142222,5.35,1339
63.702917,-62.191944,5.45,1340
64.902917,21.773611,5.38,1341
65.465833,56.506667,5.88,1342
65.102500,34.566667,4.93,1343
65.041667,31.953333,6.16,1344
64.566250,-20.715556,6.00,1345
64.948333,15.627500,3.65,1346
64.473750,-33.798333,3.56,1347
65.088750,27.350833,4.95,1348
64.906250,10.121389,6.31,1349
65.388333,46.498889,4.85,1350
64.990417,14.035278,5.59,1351
65.741250,59.616389,6.19,1352
64.655833,-22.970278,6.07,1353
65.104583,18.742500,6.12,1354
64.120417,-59.301944,4.44,1355
65.151250,15.095278,5.26,1356
64.087917,-60.948611,6.37,1357
65.220000,13.864167,6.17,1358
64.762500,-33.905000,6.37,1359
65.171667,6.130833,5.77,1360
65.204167,9.225556,6.53,1361
65.161250,-6.245556,6.27,1362
65.178333,-7.592500,5.85,1363
64.819167,-44.268056,5.34,1364
64.666667,-52.860000,6.09,1365
65.362917,-0.098056,5.86,1366
65.162500,-20.639722,5.38,1367
65.514583,14.077222,5.72,1368
65.645417,25.629167,5.37,1369
65.595000,20.821389,5.91,1370
65.899583,42.428056,6.23,1371
64.417500,-63.255556,5.87,1372
65.733750,17.542500,3.76,1373
65.380417,-25.728333,6.01,1374
65.885000,20.982222,5.99,1375
65.854167,16.777222,5.64,1376
66.121667,34.130556,5.73,1377
65.999167,24.301111,6.36,1378
66.155833,33.959722,5.76,1379
66.024167,17.443889,4.80,1380
65.966250,9.460833,5.12,1381
66.753750,57.585278,6.32,1382
65.920000,-3.745556,5.17,1383
65.773750,-24.892222,5.83,1384
66.237917,19.041667,5.98,1385
65.782083,-35.545000,6.39,1386
66.342083,22.293889,4.22,1387
66.354167,22.199722,5.28,1388
66.372500,17.928056,4.29,1389
66.526250,31.438889,5.28,1390
66.405417,15.940833,6.46,1391
66.577083,22.813611,4.28,1392
66.009167,-34.016944,3.96,1393
66.586667,15.618333,4.49,1394
65.472083,-63.386389,5.24,1395
66.651667,14.713611,4.69,1396
66.587917,8.590278,6.06,1397
66.235000,-34.757778,6.55,1398
66.822917,22.996389,5.53,1399
66.752917,2.079444,6.23,1400
68.377917,72.528611,5.94,1401
66.870000,11.212500,5.88,1402
67.003333,21.620000,5.72,1403
66.329583,-44.160833,6.39,1404
66.050833,-57.071389,6.29,1405
67.216250,30.361389,6.40,1406
67.110000,16.359722,4.97,1407
67.097500,14.740833,5.90,1408
67.154167,19.180278,3.53,1409
66.737500,-24.081389,6.11,1410
67.143750,15.962222,3.84,1411
67.165417,15.870833,3.40,1412
67.015000,1.858611,6.15,1413
67.209167,13.047500,5.03,1414
67.133750,1.380833,5.55,1415
66.272083,-61.238333,5.94,1416
68.007500,53.910833,5.77,1417
66.775000,-46.947500,6.10,1418
67.659583,32.458056,6.21,1419
67.428750,10.521667,6.79,1420
67.162500,-19.458333,5.96,1421
67.535833,15.638056,5.58,1422
67.278750,-13.048333,5.60,1423
67.850000,40.010278,6.26,1424
67.510000,10.262500,6.48,1425
64.496250,-80.213889,5.69,1426
67.640417,16.193889,4.78,1427
67.662083,15.691944,5.48,1428
67.039167,-41.960000,6.44,1429
67.655417,13.724444,5.40,1430
67.540417,-13.592222,6.24,1431
67.965833,15.851667,6.02,1432
67.333333,-46.515278,6.16,1433
68.353750,43.063889,6.09,1434
66.941250,-62.520833,5.75,1435
68.020000,5.410000,6.39,1436
67.969583,-0.043889,4.91,1437
67.857917,-13.645000,6.21,1438
67.667917,-35.653611,5.96,1439
69.100833,64.261667,5.94,1440
68.155833,-3.209167,5.81,1441
68.387083,18.016667,6.25,1442
67.708750,-44.953889,5.07,1443
68.462083,14.844444,4.65,1444
68.658333,28.961111,5.88,1445
68.450417,9.413056,6.01,1446
68.341667,-10.785833,6.06,1447
68.534583,5.568611,5.68,1448
68.478333,-6.738889,5.72,1449
68.559167,-6.837778,6.09,1450
68.548333,-8.231389,5.11,1451
68.548750,-8.970278,5.26,1452
68.377500,-29.766667,4.51,1453
69.172500,41.264722,4.25,1454
68.927917,19.881667,6.36,1455
65.241250,-81.580000,5.79,1456
68.980000,16.509167,0.85,1457
68.913750,10.160833,4.25,1458
69.121667,23.340833,6.02,1459
68.808333,-9.736667,6.37,1460
68.752083,-19.920556,6.13,1461
69.006667,-3.611944,6.33,1462
69.079583,-3.352500,3.93,1463
68.887500,-30.562222,3.82,1464
68.499167,-55.045000,3.27,1465
69.992083,53.473056,5.35,1466
69.977917,53.079722,5.05,1467
71.501250,76.611111,6.49,1468
69.307083,0.998333,5.31,1469
69.623333,26.940000,6.47,1470
69.565833,20.684722,5.92,1471
69.539167,16.033333,5.79,1472
69.539583,12.510833,4.27,1473
69.400417,-2.473333,5.23,1474
68.391667,-62.823611,5.79,1475
69.212083,-30.716667,6.30,1476
69.846250,25.218333,6.22,1477
69.788333,15.799722,5.07,1478
69.818750,15.918056,4.69,1479
69.775833,7.870833,5.39,1480
69.545000,-14.303889,3.87,1481
70.350417,48.300833,5.67,1482
69.723333,-12.123056,5.01,1483
70.014167,12.197778,5.46,1484
65.712083,-82.899167,6.76,1485
70.825417,59.520833,6.50,1486
69.832083,-14.359167,5.45,1487
69.946667,-1.052778,6.10,1488
70.459583,38.280278,5.99,1489
70.332500,28.615000,5.78,1490
72.209583,75.941111,6.06,1491
69.190000,-62.077500,5.40,1492
70.840000,49.973889,5.87,1493
70.726250,43.365000,5.29,1494
70.028333,-24.482500,5.58,1495
70.110417,-19.671667,4.32,1496
70.561250,22.956944,4.28,1497
69.767917,-51.672778,6.44,1498
70.807500,24.088889,6.13,1499
71.053750,40.786944,6.08,1500
70.951250,32.865278,6.45,1501
70.140417,-41.863889,4.45,1502
70.514583,-37.144444,5.05,1503
70.076250,-58.943611,6.53,1504
70.894167,-8.793611,6.82,1505
70.896250,-8.796111,6.70,1506
71.107500,11.146111,5.40,1507
71.022083,-8.503611,5.90,1508
70.788750,-30.765556,5.68,1509
72.651667,70.941667,6.37,1510
72.001250,56.757222,5.30,1511
71.427083,23.628056,6.35,1512
71.033333,-18.666667,5.53,1513
71.685000,40.312778,5.97,1514
72.029167,55.602500,6.26,1515
70.693333,-50.481389,5.31,1516
71.570000,18.735000,6.01,1517
70.934167,-41.064722,6.25,1518
71.507083,11.705556,5.37,1519
71.375417,-3.254722,4.02,1520
71.267500,-21.283611,5.72,1521
71.600417,-2.954444,6.33,1522
75.086250,81.193889,5.07,1523
71.456667,-34.005000,6.86,1524
71.607500,-28.087500,6.19,1525
71.480833,-39.356667,6.05,1526
73.021667,63.505278,5.44,1527
72.329167,32.588333,5.86,1528
72.303333,31.437222,5.58,1529
71.087917,-59.732778,5.27,1530
69.590417,-77.656111,6.05,1531
71.901250,-16.934444,5.51,1532
72.477500,37.488333,4.88,1533
72.185833,3.588333,6.03,1534
72.788750,48.740833,5.66,1535
72.151250,-5.673889,5.78,1536
72.433750,15.904167,6.08,1537
72.135417,-16.329444,5.77,1538
71.956667,-30.020278,6.37,1539
71.241250,-63.229722,6.46,1540
70.766250,-70.931111,5.54,1541
73.512500,66.342778,4.29,1542
72.460000,6.961389,3.19,1543
72.652917,8.900278,4.36,1544
72.425833,-13.769722,6.26,1545
73.290833,52.840833,6.41,1546
72.843750,18.839722,5.10,1547
72.140833,-43.980000,6.72,1548
72.548333,-16.217222,5.03,1549
73.199167,42.586667,5.71,1550
73.158333,36.703056,4.78,1551
72.801667,5.605000,3.69,1552
72.930833,9.975000,6.11,1553
73.196250,27.897500,5.97,1554
73.762917,55.259167,5.52,1555
73.133333,14.250556,4.74,1556
72.567500,-41.320833,6.07,1557
73.713750,44.060833,6.08,1558
72.867500,-34.906389,5.86,1559
73.223750,-5.452778,4.39,1560
74.029583,52.869444,5.75,1561
73.345000,2.508056,5.33,1562
72.730000,-53.461389,5.61,1563
72.734583,-53.459722,6.42,1564
73.482500,1.569444,6.61,1565
73.742917,19.485278,6.37,1566
73.562917,2.440556,3.72,1567
74.321667,53.752222,4.47,1568
73.695417,11.426111,5.19,1569
73.724167,10.150833,4.65,1570
73.699167,7.779167,5.33,1571
75.583750,74.269167,6.06,1572
74.082917,36.168889,6.07,1573
73.711250,0.467500,5.99,1574
74.065000,24.592222,6.37,1575
73.959583,15.040000,5.81,1576
74.248333,33.166111,2.69,1577
73.993333,5.399167,6.50,1578
73.778333,-16.740556,5.70,1579
74.092917,13.514444,4.07,1580
73.827500,-16.417778,5.72,1581
74.100833,-5.171389,5.51,1582
73.875833,-25.727778,6.72,1583
73.728333,-39.628611,6.10,1584
74.342917,17.153611,5.48,1585
74.452917,23.948611,5.79,1586
76.054167,73.763889,6.66,1587
74.942917,53.155556,6.08,1588
76.165833,74.066944,5.96,1589
74.539167,25.050278,5.81,1590
74.321667,-1.067222,6.23,1591
74.814167,37.890278,4.94,1592
75.399583,61.078056,6.03,1593
75.710000,66.822778,6.19,1594
74.436667,-14.231389,6.15,1595
74.545000,-2.212500,6.35,1596
73.720833,-58.547222,6.12,1597
73.377083,-66.675556,6.41,1598
75.076250,39.394722,5.95,1599
74.747500,14.542778,6.09,1600
74.637083,1.714167,4.47,1601
75.096667,39.655000,6.58,1602
75.854583,60.442222,4.03,1603
74.755417,-16.375833,5.66,1604
75.492083,43.823333,2.99,1605
73.272917,-72.407500,6.28,1606
74.902083,-14.805833,7.71,1607
74.960000,-10.263333,5.38,1608
75.135833,3.615278,7.03,1609
75.141250,3.616111,6.66,1610
74.982500,-12.537500,4.79,1611
75.619583,41.075833,3.75,1612
75.165833,-2.065556,6.32,1613
75.204167,-5.753333,6.22,1614
75.827500,41.441667,6.14,1615
82.950000,85.938611,6.51,1616
75.359583,-7.173889,4.81,1617
75.459583,0.722222,5.92,1618
75.500000,1.608889,6.24,1619
75.773750,21.590000,4.64,1620
75.356667,-20.051944,4.91,1621
76.535417,58.972500,5.08,1622
76.550833,59.021111,6.08,1623
76.623750,61.170000,6.04,1624
75.689583,-4.209722,5.85,1625
76.060417,30.494722,6.14,1626
76.153750,32.320278,6.62,1627
75.540833,-26.275000,5.02,1628
73.796667,-74.936944,5.47,1629
76.591667,54.405833,7.24,1630
75.393750,-39.718056,6.03,1631
76.157917,27.696111,6.60,1632
76.090000,21.278056,6.19,1633
75.687083,-22.795000,5.75,1634
75.595000,-31.771389,5.94,1635
77.402917,69.639444,6.41,1636
76.669167,51.597778,5.00,1637
76.142083,15.404167,4.68,1638
76.503750,35.936389,6.52,1639
75.966667,-14.369444,6.41,1640
76.628750,41.234444,3.17,1641
76.383750,19.806389,6.44,1642
78.093333,73.946667,5.43,1643
76.706667,43.174722,6.20,1644
75.972083,-24.387778,5.61,1645
76.227083,-3.039722,6.05,1646
77.435417,64.919444,6.41,1647
76.348750,1.177500,6.17,1648
75.702500,-49.151389,5.38,1649
78.648333,76.472778,6.37,1650
75.975000,-41.745000,6.31,1651
76.101667,-35.483333,4.55,1652
76.108750,-35.705278,6.34,1653
76.365417,-22.371111,3.19,1654
76.317500,-26.152500,5.73,1655
76.862500,18.645000,5.00,1656
76.690417,-4.655000,5.12,1657
76.951667,20.418333,5.30,1658
77.027500,24.265278,5.50,1659
76.981250,21.704722,5.89,1660
76.652917,-13.121944,6.05,1661
76.909583,9.471944,6.17,1662
76.241667,-49.577778,5.03,1663
76.970417,8.498333,5.34,1664
76.854167,-12.490556,5.97,1665
76.962500,-5.086389,2.79,1666
76.252500,-54.407500,6.27,1667
77.678750,46.962222,5.68,1668
77.578750,37.301944,6.02,1669
77.437917,28.030556,6.01,1670
77.084167,-8.665000,5.78,1671
77.331667,9.829444,5.43,1672
77.181667,-4.456111,5.12,1673
76.377500,-57.472778,4.72,1674
78.263333,61.850000,6.17,1675
77.425000,15.597222,4.82,1676
75.679167,-71.314444,5.31,1677
78.380417,62.691389,6.50,1678
77.286667,-8.754167,4.27,1679
77.061667,-35.718333,6.52,1680
77.513333,-0.565278,6.10,1681
75.055000,-78.300278,6.29,1682
79.555417,73.268056,5.74,1683
77.923333,16.045556,5.18,1684
77.741667,-2.253889,6.25,1685
80.639583,79.231111,5.05,1686
77.830000,-2.490833,5.90,1687
78.797083,59.405556,6.15,1688
78.357083,38.484444,4.86,1689
77.922500,0.514722,6.67,1690
77.938750,1.036944,5.89,1691
78.684583,53.213889,6.20,1692
77.845000,-11.849167,5.68,1693
77.685417,-25.909444,6.41,1694
76.891667,-63.399722,5.20,1695
78.074583,-11.869167,4.45,1696
78.200833,-6.057222,5.91,1697
78.322917,2.861111,4.46,1698
77.899583,-37.395278,6.57,1699
76.538750,-73.037778,6.27,1700
78.381667,1.968056,6.09,1701
78.232917,-16.205556,3.31,1702
78.446667,0.560278,6.32,1703
78.388750,-8.147778,6.37,1704
78.307917,-12.941389,4.36,1705
78.851667,32.687778,5.02,1706
79.324167,53.586111,6.50,1707
79.172500,45.998056,0.08,1708
78.683750,5.156111,5.50,1709
78.499583,-14.606667,6.21,1710
78.865417,22.284722,6.27,1711
79.075833,34.311944,5.96,1712
78.634583,-8.201667,0.12,1713
85.952917,85.668056,6.60,1714
78.443750,-35.825556,6.98,1715
74.712083,-82.470556,5.85,1716
78.826667,-1.409167,6.15,1717
79.017083,11.341389,5.56,1718
79.865833,58.117222,6.13,1719
80.094167,62.653611,5.61,1720
78.620000,-35.977222,5.76,1721
79.566250,42.792222,5.48,1722
78.851250,-26.943333,5.07,1723
79.171250,1.947222,6.42,1724
79.668333,40.465000,6.18,1725
79.544583,33.371667,4.54,1726
78.472083,-52.031111,6.05,1727
79.578750,33.767222,6.14,1728
79.785417,40.099167,4.71,1729
78.945833,-34.926667,6.66,1730
79.200417,-17.141667,6.56,1731
79.750000,33.748333,5.41,1732
80.009583,44.425556,6.62,1733
79.848333,33.985556,6.49,1734
79.401667,-6.844444,3.60,1735
80.163750,46.963889,6.54,1736
79.417500,-13.519722,5.50,1737
80.061667,41.086111,5.52,1738
79.819167,22.096389,4.94,1739
80.003750,33.958056,5.03,1740
79.811250,20.134722,6.08,1741
78.912083,-52.181944,6.49,1742
79.371250,-34.895278,4.83,1743
78.439167,-67.185278,4.83,1744
82.357083,77.977500,6.56,1745
79.796667,2.595833,5.34,1746
79.710000,-18.130000,5.96,1747
79.896667,-1.412222,6.34,1748
80.451667,41.804444,5.23,1749
80.247083,27.957222,6.33,1750
80.865833,57.544444,5.28,1751
80.302917,29.570000,5.76,1752
79.822917,-18.520000,6.36,1753
79.826250,-18.509722,6.54,1754
80.235833,19.814167,6.18,1755
79.893750,-13.176667,4.29,1756
79.996250,-12.315556,5.30,1757
79.848750,-27.368889,5.99,1758
80.110000,-5.366667,6.39,1759
80.709583,41.029444,5.54,1760
80.330417,4.011944,6.57,1761
80.112083,-21.239444,4.71,1762
80.431667,8.428611,5.80,1763
80.382500,-0.416389,5.68,1764
80.440417,-0.382500,4.73,1765
80.085833,-34.698889,6.34,1766
79.842083,-50.606111,5.45,1767
80.845417,28.936667,6.46,1768
80.462500,-13.756111,6.56,1769
80.708333,3.544444,5.00,1770
80.442500,-24.773056,5.06,1771
80.320417,-34.345278,6.09,1772
81.163333,37.385556,4.99,1773
80.907083,16.699444,6.08,1774
81.159583,31.223889,6.28,1775
81.160417,31.143056,5.94,1776
80.879583,5.322500,6.35,1777
80.827083,-8.415833,5.90,1778
81.304167,34.855278,6.55,1779
81.105833,17.383333,4.99,1780
80.926250,-0.159722,5.70,1781
80.964167,-0.867222,6.11,1782
80.875833,-13.927222,5.25,1783
80.986667,-7.808056,4.14,1784
80.800000,-26.705833,6.49,1785
81.150833,2.352778,6.32,1786
81.120417,-0.891389,5.08,1787
81.119167,-2.396944,3.36,1788
81.186667,1.846389,4.95,1789
81.282917,6.349722,1.64,1790
81.572917,28.607500,1.65,1791
81.118333,-16.976111,5.65,1792
80.850000,-39.678611,5.71,1793
81.726250,35.457222,6.15,1794
81.703750,34.391667,5.94,1795
81.713750,33.262778,6.15,1796
80.912500,-37.336667,6.82,1797
81.523750,16.700278,6.25,1798
81.256667,-10.329167,5.61,1799
81.380000,-0.544167,6.57,1800
80.592083,-56.134444,6.11,1801
82.542500,63.067222,5.42,1802
81.445833,0.520833,6.16,1803
81.784583,30.208611,5.74,1804
81.912083,34.475833,5.07,1805
81.510000,-5.518333,6.23,1806
81.661667,6.869167,6.42,1807
81.792083,17.962222,5.42,1808
81.807500,15.257778,6.16,1809
81.908750,21.936944,4.88,1810
81.709167,3.095556,4.59,1811
81.499167,-19.695556,5.89,1812
81.231667,-44.225833,6.08,1813
81.940000,15.874167,5.50,1814
78.107083,-81.541667,6.51,1815
82.006667,17.238889,5.77,1816
81.770000,-11.900833,6.35,1817
81.192500,-52.316389,6.27,1818
82.145000,13.678889,6.35,1819
82.006667,1.298333,6.41,1820
82.318750,25.150556,5.47,1821
82.419167,29.186389,6.24,1822
81.902083,-21.375556,6.07,1823
82.702500,41.461944,6.00,1824
82.687917,39.825833,6.37,1825
82.236250,-3.307500,6.39,1826
81.772083,-40.943611,5.87,1827
83.140833,57.221111,6.48,1828
82.061250,-20.759444,2.84,1829
82.348333,-3.446389,5.79,1830
82.680833,22.462500,6.29,1831
82.608750,15.360278,5.94,1832
82.478333,1.789167,5.78,1833
82.433333,-1.092222,4.71,1834
82.063750,-37.230556,5.57,1835
81.580417,-58.912500,5.14,1836
82.582500,4.204167,6.21,1837
82.277917,-30.116667,6.75,1838
82.696250,5.948056,4.20,1839
82.586250,-7.434722,6.33,1840
82.810417,3.292222,5.46,1842
83.182083,32.191944,4.76,1843
84.932083,75.043889,6.17,1844
83.053333,18.594444,4.38,1845
83.369583,42.108889,6.55,1846
83.059167,17.058056,5.46,1847
82.837083,-6.708333,6.22,1848
82.781667,-20.863611,5.55,1849
83.364583,32.801111,6.48,1850
83.002083,-0.284444,6.85,1851
83.001667,-0.299167,2.23,1852
84.317500,66.696111,6.26,1853
83.408333,34.725833,6.27,1854
82.982500,-7.301389,4.62,1855
82.539583,-47.077778,5.46,1856
84.312917,64.154722,6.15,1857
83.381667,18.540278,5.69,1858
81.750000,-68.622778,6.03,1859
83.411667,20.474167,6.18,1860
83.172083,-1.591944,5.35,1861
82.802917,-35.470556,3.87,1862
83.280000,-1.718333,6.46,1863
83.476250,14.305556,5.64,1864
83.182500,-17.822222,2.58,1865
84.146667,54.428889,5.73,1866
82.322500,-62.314444,6.59,1867
83.380833,-1.156111,5.34,1868
84.066250,47.715278,6.11,1869
82.900417,-45.925278,5.86,1870
83.490000,1.407778,6.59,1871
83.569583,3.766944,5.36,1872
83.516250,-1.035556,6.22,1873
83.516667,-1.470556,5.93,1874
83.862917,24.039444,5.38,1875
83.705000,9.489444,4.41,1876
83.213750,-38.513056,5.48,1877
83.981250,27.662222,6.27,1878
83.784583,9.934167,3.54,1879
83.785417,9.935000,5.61,1880
83.280833,-35.139722,5.78,1881
82.566250,-63.927778,6.19,1882
83.805833,10.240000,5.60,1883
84.218333,40.182222,6.09,1884
90.334167,85.182222,6.11,1885
83.753750,-6.009167,5.67,1886
83.761250,-6.001944,4.78,1887
83.467083,-29.848889,6.53,1888
84.125833,25.939444,6.49,1889
83.840833,-4.493333,6.56,1890
83.843750,-4.425278,6.24,1891
83.846667,-4.838333,4.59,1892
83.816250,-5.387222,6.73,1893
83.817083,-5.385278,7.96,1894
83.818750,-5.389722,5.13,1895
83.822083,-5.387778,6.70,1896
83.845417,-5.416111,5.08,1897
83.879583,-4.364722,6.38,1898
83.858333,-5.910000,2.77,1899
83.899167,-3.252778,6.40,1900
83.914583,-4.855833,5.26,1901
84.286667,26.924167,5.83,1902
84.053333,-1.201944,1.70,1903
84.440417,33.559167,6.33,1904
84.265833,17.040278,5.54,1905
84.062500,-5.648056,6.54,1906
84.226250,9.290556,4.09,1907
84.268333,11.035000,5.94,1908
83.814167,-33.080000,5.78,1909
84.411250,21.142500,3.00,1910
84.148750,-6.065000,5.72,1911
83.435000,-54.902222,6.43,1912
84.330417,8.951944,6.12,1913
84.658750,30.492500,5.40,1914
84.042917,-28.707778,6.26,1915
85.610000,65.697778,5.60,1916
83.248333,-64.227500,5.34,1917
84.364167,-5.938333,6.05,1918
84.286667,-11.775556,6.11,1919
84.504583,7.541389,5.88,1920
84.739167,26.617778,6.37,1921
83.406250,-62.489722,3.76,1922
84.472500,-4.813611,6.19,1923
84.826667,29.215278,5.96,1924
85.334583,53.481111,6.23,1925
84.318750,-27.871389,6.16,1926
84.011250,-47.313889,6.11,1927
84.934167,25.896944,5.18,1928
84.862500,21.762778,6.34,1929
83.760000,-58.871111,6.75,1930
84.686667,-2.600000,3.81,1931
84.696250,-2.594167,6.65,1932
84.657500,-6.573889,5.96,1933
84.796250,4.121389,4.57,1934
84.435833,-28.689444,5.31,1935
83.740000,-61.175833,6.32,1936
84.721250,-7.213056,4.80,1937
85.149583,31.358056,6.04,1938
85.175417,31.920833,6.11,1939
84.880000,-3.564722,6.00,1940
85.756667,56.581667,6.05,1941
84.878333,-9.706667,6.50,1942
86.035833,61.476667,6.15,1943
84.817917,-17.849444,6.38,1944
85.337500,29.487500,6.43,1945
85.323750,16.533889,4.86,1946
84.681667,-40.707500,5.82,1947
85.189583,-1.942778,2.05,1948
85.190000,-1.942778,4.21,1949
85.155417,-2.825000,6.22,1950
85.477500,23.326389,6.59,1951
85.210833,-1.128889,4.95,1952
82.970417,-76.341111,5.19,1953
85.516250,22.660278,6.36,1954
85.273333,0.337778,5.93,1955
84.912083,-34.074167,2.64,1956
85.191667,-10.409444,6.52,1957
84.957500,-32.629167,5.45,1958
85.417917,-2.896111,6.42,1959
84.227917,-66.560278,6.31,1960
85.831250,23.204167,6.21,1961
85.422917,-16.725556,6.21,1962
85.619167,1.474722,4.91,1963
83.686250,-73.741389,5.78,1964
85.559583,-17.530278,6.15,1965
85.362500,-33.400556,6.34,1966
85.724167,-6.796111,6.02,1967
85.557917,-22.373611,5.87,1968
86.626667,56.115556,5.94,1969
85.788750,-1.613056,6.31,1970
86.475000,49.826389,5.47,1971
85.548333,-30.535556,6.19,1972
85.562917,-34.667778,5.29,1973
86.456250,40.507222,6.58,1974
85.840000,-18.557500,5.73,1975
87.270417,62.808056,6.13,1976
86.414167,20.695000,6.95,1977
86.257917,4.008056,6.09,1978
86.811250,42.526667,6.29,1979
86.118333,-20.126389,6.34,1980
85.875833,-39.406944,6.25,1981
86.110417,-22.421667,6.15,1982
86.115833,-22.448333,3.60,1983
85.921250,-45.833056,6.39,1984
86.689583,15.822500,6.00,1985
86.511667,-4.268333,6.34,1986
86.717083,9.522222,5.79,1987
86.645833,1.168056,5.95,1988
86.805000,14.488333,5.72,1989
86.859167,17.729167,5.49,1990
83.901250,-78.820833,6.05,1991
87.641667,56.918889,6.54,1992
86.928750,13.899722,5.29,1993
88.231250,68.471389,6.20,1994
87.293750,39.181111,4.52,1995
86.499583,-32.306389,5.17,1996
87.093333,20.869444,6.07,1997
86.738750,-14.821944,3.55,1998
87.000833,6.454167,5.27,1999
86.781667,-16.237778,6.17,2000
86.861250,-10.533056,6.03,2001
87.254167,24.567500,4.86,2002
87.735000,51.514722,6.29,2003
86.939167,-9.669722,2.06,2004
86.769583,-28.639167,6.22,2005
88.072500,58.964167,6.14,2006
87.145417,-4.094722,5.97,2007
86.614167,-46.597222,5.31,2008
86.827500,-35.674722,6.32,2009
87.387083,12.651111,4.91,2010
87.760000,37.305556,4.74,2011
87.872500,39.148611,3.97,2012
87.742083,27.967778,5.56,2013
87.510833,9.871111,5.80,2014
86.193333,-65.735556,4.35,2015
87.620417,14.305556,5.52,2016
86.992083,-40.652500,6.61,2017
87.857083,32.125000,6.25,2018
87.554583,4.423333,5.97,2019
86.821250,-51.066389,3.85,2020
87.402083,-14.483611,5.49,2021
84.290833,-80.469167,5.65,2022
86.804167,-54.360833,6.18,2023
87.625000,2.024444,5.98,2024
88.164583,39.574444,6.45,2025
87.472917,-22.971667,5.87,2026
88.740833,59.888333,5.20,2027
88.167083,33.917500,5.98,2028
88.711667,55.706944,4.99,2029
88.097500,19.868056,6.06,2030
87.841667,-7.518056,5.35,2031
87.392083,-44.875278,6.38,2032
88.092917,14.171667,5.59,2033
88.331667,27.612222,4.58,2034
87.830417,-20.879167,3.81,2035
87.869167,-22.926111,6.17,2036
88.110000,1.855000,4.78,2037
88.329583,20.299167,6.71,2038
88.031667,-9.041389,5.97,2039
87.740000,-35.768333,3.12,2040
89.395833,66.096111,6.25,2041
87.457083,-56.166667,4.51,2042
87.997917,-29.448611,6.45,2043
87.619167,-52.767778,6.35,2044
89.060000,51.803889,6.49,2045
88.745833,31.701667,5.90,2046
88.595417,20.276111,4.41,2047
88.555833,10.586944,6.12,2048
87.721667,-52.108889,5.17,2049
88.634167,11.762500,6.59,2050
88.565417,3.225278,6.31,2051
88.736250,19.749722,5.92,2052
88.138333,-37.631111,5.63,2053
89.270417,49.029444,6.47,2054
88.198750,-38.525833,6.70,2055
88.278750,-33.801389,4.87,2056
88.683750,0.968333,6.00,2057
88.644583,-4.063889,6.57,2058
82.557917,-84.785000,6.20,2059
88.489167,-19.638333,6.69,2060
88.792917,7.406944,0.50,2061
86.950417,-72.702222,6.53,2062
88.955417,20.175000,5.40,2063
87.473333,-66.901111,5.11,2064
88.681667,-11.773889,5.66,2065
89.140833,28.942222,6.32,2066
89.014583,13.925278,6.60,2067
88.558750,-29.147778,6.36,2068
88.345417,-42.921389,6.55,2069
88.876250,-4.616389,5.87,2070
88.897500,-4.788333,6.28,2071
88.084583,-57.156111,5.94,2072
87.845833,-64.033611,6.36,2073
89.233750,24.249722,6.02,2074
89.116667,9.509722,5.99,2075
89.206250,11.521111,5.87,2076
89.881667,54.284722,3.72,2077
91.288750,75.585833,6.40,2078
89.940417,55.320833,6.44,2079
89.950417,54.547222,6.14,2080
89.840833,49.924444,5.89,2081
88.718750,-39.958056,5.57,2082
88.544583,-50.361944,6.52,2083
89.498750,25.953889,4.82,2084
89.101250,-14.167778,3.71,2085
89.059583,-22.840278,5.96,2086
88.874583,-37.120833,4.97,2087
89.882083,44.947500,1.90,2088
88.671250,-49.626944,6.10,2089
89.143750,-23.215556,6.36,2090
89.983750,45.936944,4.26,2091
89.087083,-31.382500,5.50,2092
89.475833,1.224444,6.22,2093
88.709167,-52.635278,5.29,2094
89.930417,37.212500,2.62,2095
90.079167,44.591944,6.22,2096
89.548750,-0.994167,6.22,2097
89.204167,-31.976111,6.44,2098
89.721667,12.808611,5.70,2099
89.601667,1.836944,5.90,2100
90.244167,47.901944,5.73,2101
88.525417,-63.090000,4.65,2102
89.706667,0.553056,5.22,2103
88.549583,-64.482222,6.63,2104
90.429583,48.959444,5.96,2105
89.384167,-35.283333,4.36,2106
89.754167,-9.382222,6.12,2107
89.767917,-9.558333,5.03,2108
89.907083,-1.444444,6.63,2109
90.292500,31.034722,5.98,2110
90.251667,27.572222,6.05,2111
90.702917,49.905556,6.05,2112
90.014167,-3.074167,4.53,2113
89.310000,-53.426111,6.45,2114
90.723333,43.378611,6.42,2115
90.423333,22.400833,6.37,2116
89.656667,-44.034444,5.81,2117
90.073750,-12.899722,6.22,2118
90.825000,42.911667,6.10,2119
89.786667,-42.815278,3.96,2120
91.284583,59.393056,6.34,2121
90.729583,32.635833,6.24,2122
91.121250,51.573333,6.45,2123
90.595833,9.647500,4.12,2124
87.569583,-79.361389,5.47,2125
91.663333,63.453611,6.39,2126
90.571250,1.694444,6.59,2127
90.460000,-10.598056,4.95,2128
90.304583,-25.417778,6.05,2129
90.863750,19.690556,5.14,2130
90.318333,-33.911667,5.55,2131
91.264167,42.981667,5.87,2132
90.852917,11.680833,6.08,2133
91.030000,23.263333,4.16,2134
90.980000,20.138333,4.63,2135
90.640833,-14.497222,6.20,2136
91.260833,37.964167,6.34,2137
90.205000,-51.216389,5.67,2138
91.391667,33.599167,6.23,2139
90.814583,-26.284444,5.04,2140
91.535417,35.387500,6.12,2141
91.056250,-6.709167,5.21,2142
91.646250,38.482778,5.36,2143
91.242500,5.420000,5.67,2144
91.243333,4.158611,5.63,2145
91.593750,29.512500,6.08,2146
91.862083,41.854167,6.12,2147
91.246250,-16.484444,4.93,2148
91.084583,-32.172500,5.65,2149
91.362500,-10.242778,5.87,2150
90.538333,-60.096944,6.45,2151
92.496250,58.935833,5.36,2152
92.095833,41.055556,6.36,2153
91.661250,-4.193889,5.38,2154
91.538750,-14.935278,4.67,2155
91.440417,-24.195556,6.95,2156
91.118333,-45.036667,6.35,2157
91.167500,-45.078889,5.93,2158
91.892917,14.768333,4.42,2159
91.362917,-35.513611,5.80,2160
91.716250,-11.173611,6.66,2161
91.195417,-48.458611,6.58,2162
91.633333,-23.110556,5.47,2163
91.522917,-29.758611,5.81,2164
93.212917,65.718333,5.32,2165
91.740000,-21.812778,5.78,2166
92.196667,8.670000,6.55,2167
91.923333,-19.165833,5.31,2168
92.385000,22.190000,5.93,2169
91.765417,-34.311944,5.83,2170
91.670833,-42.298611,6.12,2171
92.941667,52.647222,6.30,2172
92.433333,23.113333,5.75,2173
92.241250,2.499444,5.73,2174
92.902083,48.713056,6.82,2175
92.902500,48.711111,6.09,2176
91.881667,-37.253056,5.02,2177
91.757917,-45.091389,6.51,2178
92.400833,-5.711111,6.17,2179
92.241250,-22.427500,5.50,2180
91.970417,-42.153889,5.50,2181
92.334583,-18.126111,6.35,2182
92.392917,-14.584167,5.56,2183
92.757500,18.129444,6.33,2184
92.884583,24.420278,5.80,2185
92.449583,-22.774167,5.71,2186
92.144167,-44.356111,6.27,2187
93.438750,51.172500,6.04,2188
93.083750,32.693333,5.78,2189
92.964167,21.868611,6.56,2190
92.866250,13.638611,6.04,2191
92.446667,-26.700833,6.27,2192
93.005417,19.790556,5.75,2193
91.539167,-66.039722,5.71,2194
92.755417,-6.754167,6.15,2195
91.764167,-62.154722,5.05,2196
93.079583,22.908333,6.39,2197
93.013750,16.130556,4.95,2198
92.985000,14.208889,4.48,2199
92.644167,-27.154167,5.72,2200
93.919167,59.999167,5.35,2201
92.932083,-4.665556,6.18,2202
92.542917,-40.353611,5.58,2203
92.347083,-49.562778,6.49,2204
92.965833,-6.550278,5.05,2205
92.806250,-26.482222,6.09,2206
93.389167,18.680278,6.58,2207
93.302500,10.627500,6.45,2208
94.711667,69.319722,4.80,2209
93.185000,-2.504444,6.62,2210
92.666250,-45.281944,6.31,2211
92.574583,-54.968611,4.81,2212
93.192917,-17.763056,6.52,2213
93.619167,17.906389,5.88,2214
94.478333,61.515278,4.98,2215
93.719167,22.506667,3.28,2216
93.912500,36.148611,6.92,2217
93.476250,-3.741389,5.83,2218
93.844583,29.498056,4.35,2219
93.712083,19.156389,5.20,2220
92.184167,-68.843333,5.06,2221
93.785417,13.851111,5.91,2222
93.854583,16.143056,5.30,2223
93.652917,-4.568333,5.83,2224
93.437917,-23.861944,6.39,2225
93.388750,-29.396111,6.54,2226
93.713750,-6.274722,3.98,2227
94.394583,46.424167,6.52,2228
93.937500,12.551111,5.33,2229
94.079167,23.970000,6.08,2230
93.917083,6.066111,6.07,2231
93.945833,4.283611,6.64,2232
93.892917,-0.512222,5.65,2233
93.873750,-4.915278,5.99,2234
94.099167,17.181389,6.39,2235
93.975000,1.169167,6.37,2236
93.858333,-9.035278,6.10,2237
94.905833,59.010833,4.48,2238
94.570417,46.360556,6.38,2239
94.244583,23.740833,6.25,2240
94.110833,12.272222,5.04,2241
93.785000,-20.272222,5.91,2242
93.822917,-18.476667,5.99,2243
93.937083,-13.718333,5.01,2244
92.812500,-65.589444,5.01,2245
94.088333,1.080278,6.63,2246
94.277500,9.942500,5.39,2247
94.243333,7.053056,6.57,2248
94.032083,-16.617778,5.92,2249
94.388750,14.058333,6.59,2250
94.317083,5.100278,5.71,2251
93.988333,-29.788333,6.67,2252
94.523333,14.382778,6.16,2253
94.264583,-22.715000,6.07,2254
94.396667,-10.725278,6.75,2255
94.137917,-35.140556,4.37,2256
95.515000,59.372222,5.94,2257
94.757500,17.325000,6.32,2258
94.668750,9.047222,6.24,2259
94.423750,-16.815833,5.14,2260
92.560000,-74.753056,5.09,2261
94.148333,-39.264444,6.00,2262
94.255000,-37.737500,5.53,2263
95.442083,53.452222,5.36,2264
94.289583,-37.253056,5.87,2265
94.557083,-19.966944,5.52,2266
94.710833,-9.390278,5.36,2267
94.703333,-15.024722,6.06,2268
95.017500,14.651111,5.69,2269
94.782917,-8.586389,6.22,2270
94.745833,-20.926111,5.81,2271
95.300417,29.541111,6.43,2272
94.928333,-7.823056,5.27,2273
94.077083,-59.213611,6.43,2274
94.998333,-2.944444,4.90,2275
95.217917,11.756389,6.54,2276
95.357917,17.763611,6.35,2277
94.465417,-52.733056,6.41,2278
94.920833,-34.396667,5.78,2279
95.357500,2.268611,6.31,2280
94.695000,-50.359167,7.04,2281
95.078333,-30.063333,3.02,2282
93.774583,-71.702778,6.64,2283
95.352917,-11.773333,5.64,2284
97.060833,70.535556,5.97,2285
95.740000,22.513611,2.88,2286
95.652083,12.570000,6.00,2287
95.151250,-34.143889,5.53,2288
96.224583,49.288056,4.91,2289
95.025417,-48.741111,6.60,2290
96.607500,56.285000,5.64,2291
95.827083,3.764444,6.40,2292
96.703750,58.417222,5.21,2293
95.675000,-17.955833,1.98,2294
95.844583,-4.687222,6.67,2295
95.528333,-33.436389,3.85,2296
96.219167,29.707222,6.71,2297
95.942083,4.592778,4.44,2298
95.943750,4.595556,6.72,2299
96.009583,8.884722,6.26,2300
95.900000,-9.874444,6.19,2301
96.220417,16.056944,6.33,2302
95.941667,-15.071667,6.24,2303
96.387083,23.326944,6.06,2304
96.042917,-11.530278,5.22,2305
95.948333,-19.785278,6.60,2306
95.810000,-31.790000,6.34,2307
96.367083,14.721944,6.24,2308
96.085417,-12.962500,6.12,2309
96.304583,7.085833,5.98,2310
95.982917,-25.577778,5.63,2311
96.326667,1.501111,6.66,2312
96.318333,-0.946111,5.87,2313
96.962917,47.405278,6.56,2314
96.444167,2.272222,6.51,2315
96.004167,-36.707778,5.62,2316
96.446250,-3.889167,6.35,2317
96.182917,-28.780000,6.39,2318
96.897917,32.563056,6.43,2319
95.732500,-56.370000,5.61,2320
96.495000,-7.894167,6.40,2321
95.907083,-52.181111,5.98,2322
96.185417,-40.284167,6.31,2323
96.665000,-1.507222,5.87,2324
96.643750,-4.597222,6.15,2325
96.744583,0.840833,6.71,2327
96.687083,-7.511389,6.27,2328
96.374583,-35.063889,6.25,2329
96.985833,20.496111,6.22,2330
97.696667,58.162778,5.88,2331
97.142083,30.493056,5.55,2332
96.835000,2.908056,5.55,2333
96.807500,0.299167,5.20,2334
96.815000,-0.276111,5.55,2335
95.945417,-58.543889,6.48,2336
95.755417,-63.683056,6.27,2337
97.512500,46.685556,5.90,2338
97.235833,26.967778,6.47,2339
97.116667,16.238333,6.23,2340
96.200833,-52.806389,6.51,2341
97.078333,10.303889,6.15,2342
97.240833,20.212222,4.15,2343
96.990000,-4.762222,5.06,2344
96.057083,-60.281111,5.80,2345
100.070000,79.599444,6.54,2346
97.070000,1.912222,6.48,2347
96.431667,-48.177222,5.76,2348
96.796667,-25.856667,6.07,2349
101.125833,82.115278,6.65,2350
97.250000,11.019444,6.59,2351
95.659167,-69.984167,5.56,2352
96.781250,-37.895556,6.48,2353
96.109583,-63.428889,6.46,2354
97.312083,2.646111,6.16,2355
97.204167,-7.032778,4.60,2356
97.206250,-7.034444,5.40,2357
97.206250,-7.034444,5.60,2358
97.155417,-17.466111,5.77,2359
96.231667,-63.827778,6.27,2360
97.042083,-32.580000,4.48,2361
97.522917,9.029167,6.57,2362
100.120000,77.995833,5.73,2363
97.163333,-32.371111,5.74,2364
99.478750,73.695556,6.24,2365
97.792083,16.938611,6.20,2366
97.547083,-10.081389,5.93,2367
97.176250,-41.074444,6.32,2368
96.766667,-58.002222,5.82,2369
97.789583,11.250833,6.14,2370
97.905833,15.903333,6.40,2371
98.113333,32.454722,5.87,2372
97.644583,-13.148056,6.16,2373
97.913333,11.792222,6.65,2374
97.951250,11.544444,5.23,2375
98.636667,55.353056,6.45,2376
96.369167,-69.690278,5.38,2377
98.097083,11.673611,6.03,2378
97.845833,-12.391667,5.15,2379
97.692917,-27.769444,5.93,2380
97.958750,-8.158056,5.43,2381
98.080000,4.855833,5.84,2382
98.427917,33.024167,6.42,2383
97.454583,-50.239167,5.27,2384
98.225833,7.333056,4.50,2385
98.096250,-5.868889,5.60,2386
97.963750,-23.418333,4.33,2387
97.804167,-35.259167,5.84,2388
97.368750,-56.852778,5.22,2389
97.749167,-40.916389,6.20,2390
98.400417,14.155278,5.53,2391
98.195417,-11.166389,6.24,2392
97.895833,-36.940000,6.34,2393
99.422500,61.481111,5.94,2394
98.407917,-1.220278,5.10,2395
100.134167,71.748889,5.92,2396
98.162500,-32.030556,5.69,2397
98.800417,28.022222,5.27,2398
98.088750,-37.696667,5.24,2399
97.826250,-51.826111,5.60,2400
101.558750,79.564722,5.45,2401
99.410417,56.857500,5.85,2402
98.360833,-20.923889,6.40,2403
98.693333,7.572500,6.45,2404
99.137083,38.445278,5.29,2405
98.823333,9.988333,5.88,2406
98.292917,-38.625278,6.44,2407
97.512500,-65.568333,6.29,2408
98.815833,0.890000,5.80,2409
97.794167,-61.879722,6.15,2410
98.456250,-36.232222,5.42,2411
97.993333,-58.754167,5.70,2412
99.000000,4.497500,6.55,2413
98.764167,-22.964722,4.54,2414
98.647083,-32.716389,5.62,2415
98.358750,-52.328889,6.19,2416
99.363333,24.590833,6.44,2417
99.147083,-5.211111,5.52,2418
99.664583,39.390833,5.69,2419
99.705000,39.902500,5.20,2420
99.427917,16.399167,1.93,2421
99.350417,6.135278,6.06,2422
99.095000,-18.660000,5.70,2423
98.850417,-36.780000,5.59,2424
99.595833,28.984167,5.79,2425
99.403750,10.853056,6.38,2426
99.832917,42.488889,4.79,2427
99.194583,-13.320833,5.97,2428
99.170833,-19.255833,3.95,2429
99.417917,2.704167,6.17,2430
98.975000,-36.088889,6.35,2431
99.469583,4.957222,6.15,2432
99.170417,-22.615000,6.35,2433
99.991667,44.013889,6.41,2434
98.744167,-52.975556,4.39,2435
99.772083,22.030833,6.04,2436
99.420417,-12.985000,6.12,2437
99.887917,28.263056,6.03,2438
99.880833,24.600000,6.38,2439
99.585417,-2.543611,6.14,2440
99.706250,4.700556,6.57,2441
99.658750,1.613611,6.21,2442
99.472500,-18.237500,4.43,2443
99.257917,-38.146667,6.04,2444
99.213750,-41.556944,6.34,2445
99.307500,-36.990556,5.71,2446
99.448333,-32.339722,5.27,2447
99.647500,-16.873611,6.03,2448
99.948333,12.983056,5.97,2449
99.819583,-14.145833,4.82,2450
99.440417,-43.196111,3.17,2451
100.407083,35.931944,6.46,2452
100.337500,28.196389,6.42,2453
100.132500,6.371667,6.51,2454
99.901250,-23.695556,6.05,2455
100.244583,9.895556,4.66,2456
100.340833,16.397500,6.28,2457
100.321667,11.003333,6.11,2458
100.770833,44.524444,5.02,2459
99.927917,-30.470278,5.71,2460
100.272500,0.495278,5.79,2461
99.656667,-48.220278,4.93,2462
101.048333,53.296389,6.27,2463
100.807500,37.146944,6.19,2464
99.987083,-38.158889,6.58,2465
100.601250,17.645278,5.21,2466
100.497083,6.345000,6.37,2467
99.502500,-61.533056,6.18,2468
100.485000,-9.167222,5.19,2469
101.558750,59.441667,4.87,2470
101.052500,36.109722,6.31,2471
100.982917,25.131111,2.98,2473
100.777083,3.033333,6.19,2474
100.308750,-40.349722,6.12,2475
100.205417,-47.674722,6.65,2476
101.706250,57.169167,5.35,2477
100.997083,13.227778,4.49,2478
100.911250,3.932222,5.90,2479
101.189583,28.970833,5.44,2480
100.690833,-22.449167,6.13,2481
100.568333,-38.398611,6.29,2482
101.684583,43.577500,5.25,2483
101.322500,12.895556,3.36,2484
102.053750,55.704444,6.33,2485
102.051250,55.704444,6.28,2486
101.915000,48.789444,5.22,2487
100.847083,-39.193333,6.30,2488
101.475833,12.693611,6.46,2489
102.737917,67.571944,5.14,2490
101.118333,-31.070556,5.20,2492
101.216250,-27.341389,6.45,2493
101.635000,8.587222,5.93,2494
101.347083,-23.461944,6.05,2495
101.260000,-30.586111,6.54,2497
101.497083,-14.796111,5.32,2498
101.847917,18.193333,6.20,2499
101.345000,-31.793611,5.92,2500
101.380417,-30.948889,5.80,2501
101.662500,-10.107222,5.66,2502
101.832500,8.037222,4.77,2503
101.712917,-14.425833,5.29,2504
100.240833,-71.775556,6.51,2505
101.965000,2.412222,4.47,2506
101.513750,-39.540000,6.62,2507
101.904583,-8.998333,5.07,2508
101.756250,-21.015556,6.08,2509
101.550417,-37.775556,6.21,2510
103.425833,68.888333,5.12,2511
102.422083,32.606667,5.71,2512
101.358750,-52.201111,6.57,2513
102.079167,-1.319167,5.75,2514
101.473750,-52.410000,5.80,2515
102.691250,41.781389,5.02,2516
102.265417,1.001944,6.15,2517
101.839167,-37.929722,5.26,2518
102.457500,16.202778,5.85,2519
103.271250,59.448611,5.33,2520
102.318333,-2.271944,5.74,2521
102.240833,-15.144722,5.39,2522
101.720000,-51.265833,5.40,2523
101.672917,-54.694722,6.46,2524
102.606250,13.413333,5.65,2525
101.827917,-55.540000,5.61,2526
105.016667,76.977500,4.55,2527
102.433333,-24.075833,6.33,2528
102.887500,21.761111,5.27,2529
102.707917,-0.540833,5.77,2530
100.903333,-73.118056,6.37,2531
103.281667,44.839444,6.26,2532
103.000000,23.601667,5.65,2533
102.676250,-8.041111,6.29,2534
102.591250,-17.083889,5.79,2535
101.233750,-70.433889,6.11,2536
102.525000,-27.333889,7.04,2537
102.460417,-32.508611,3.96,2538
103.256250,38.869167,6.12,2539
103.197083,33.961111,3.60,2540
103.305833,38.438056,6.30,2541
103.264167,35.788611,6.01,2542
102.913750,3.041667,6.38,2543
102.653750,-25.778056,6.33,2544
102.597083,-31.706111,5.70,2545
102.490833,-45.450000,6.55,2546
103.487500,38.505000,6.48,2547
102.477500,-46.614722,5.14,2548
102.718333,-34.367222,4.99,2549
102.047500,-61.941389,3.27,2550
103.205833,8.380278,5.77,2551
103.095417,-5.316111,6.30,2552
102.484167,-50.614722,2.93,2553
102.463750,-53.622222,4.40,2554
103.343750,10.996389,6.24,2555
103.813333,45.826389,6.34,2556
103.811250,43.910000,6.13,2557
102.926250,-36.230278,5.96,2558
100.011250,-80.813611,5.64,2559
104.318750,58.422500,4.35,2560
104.305000,57.563333,6.05,2561
102.504583,-60.249167,6.11,2562
102.886667,-48.292500,6.42,2563
103.661250,13.177778,4.65,2564
103.328333,-19.032778,5.64,2565
103.340417,-18.933333,6.14,2566
103.250417,-26.957500,6.40,2567
104.134583,46.274167,5.87,2568
103.827500,25.375556,5.73,2569
103.535417,-5.852500,6.41,2570
103.387083,-20.224167,4.83,2571
103.602500,-1.126944,5.45,2572
104.233333,46.705000,5.86,2573
103.547500,-12.038611,4.07,2574
103.165417,-42.504444,6.52,2575
103.391250,-28.539722,6.04,2576
103.675417,-1.756389,6.21,2577
103.480417,-24.539167,6.21,2578
103.196250,-43.975833,6.46,2579
103.532917,-24.183889,3.87,2580
105.339583,70.808056,5.68,2581
103.745000,-2.803611,6.04,2582
103.554167,-23.928333,6.91,2583
103.894167,8.324722,6.29,2584
104.404583,45.094167,4.90,2585
104.252083,33.681111,5.89,2586
103.195417,-54.090000,6.57,2587
103.761250,-20.404722,5.74,2588
104.107500,9.956389,5.92,2589
103.905833,-20.136389,4.68,2590
103.611250,-42.365556,6.32,2591
103.189167,-59.341111,6.41,2592
104.027500,-14.043611,5.00,2593
103.509583,-50.611667,6.26,2594
103.945000,-22.941389,5.30,2595
104.034167,-17.054167,4.37,2596
104.357083,11.907500,6.27,2597
103.978333,-31.790000,6.36,2598
104.250417,-8.178889,6.34,2599
104.761667,38.052222,6.00,2600
104.697500,26.081111,6.10,2601
102.862500,-70.963333,5.40,2602
104.311667,-22.203333,6.61,2603
104.190417,-35.341667,6.29,2604
104.866250,25.914167,6.40,2605
104.662500,7.621944,6.27,2606
104.391250,-24.630556,5.46,2607
104.066667,-48.721111,4.95,2608
115.127083,87.020000,5.07,2609
104.737500,3.602222,5.97,2610
104.426667,-27.537500,6.23,2611
104.323333,-35.507500,6.23,2612
104.833750,7.316944,6.35,2613
104.531667,-27.164722,6.37,2614
105.065833,16.078889,5.68,2615
104.649583,-25.413889,5.59,2616
106.465833,70.731944,6.50,2617
104.656250,-28.972222,1.50,2618
104.604583,-34.111667,5.06,2619
105.321667,32.414444,6.59,2620
104.682500,-30.997778,6.42,2621
105.075000,-5.366944,6.30,2622
104.913750,-21.603333,6.26,2623
105.098750,-8.406944,5.96,2624
105.033750,-20.158889,6.31,2625
104.674167,-45.768056,6.22,2626
105.163750,-9.203056,6.49,2627
105.080417,-22.119444,6.53,2628
105.422500,4.818056,6.63,2629
105.603333,24.215278,5.18,2630
105.606250,17.755556,5.94,2631
105.572500,15.336111,5.74,2632
105.479167,5.557500,6.59,2633
104.665000,-55.729444,6.27,2634
105.639583,16.674167,5.82,2635
105.470417,-1.345556,6.17,2636
105.177500,-28.489444,6.27,2637
104.650833,-56.394722,6.45,2638
105.485000,-5.722222,5.20,2639
105.274583,-25.215278,5.63,2640
105.207500,-33.465278,6.40,2641
106.505417,59.801944,6.44,2642
105.876667,29.337222,5.93,2643
106.415833,52.758056,6.12,2644
106.287500,47.775000,6.38,2645
105.429583,-27.934722,3.47,2646
105.824583,9.138333,5.97,2647
105.728333,-4.239167,4.99,2648
105.908333,10.951667,5.13,2649
106.027083,20.570278,3.79,2650
105.965000,12.594444,5.98,2651
105.214583,-51.402500,5.14,2652
105.756250,-23.833333,3.02,2653
106.084167,1.488333,6.57,2654
106.021667,-5.323611,5.62,2655
105.988750,-10.124167,6.45,2656
105.939583,-15.633333,4.12,2657
105.565000,-43.404167,6.43,2658
106.326667,22.637222,6.02,2659
106.548333,34.473889,5.55,2660
105.271250,-58.940000,6.02,2661
104.960417,-67.916111,5.17,2662
106.412917,9.185833,5.78,2663
106.196250,-22.032222,6.09,2664
106.842917,34.009444,5.91,2665
106.011667,-42.337222,5.20,2666
105.988750,-43.608056,5.54,2667
105.995000,-43.611667,6.79,2668
106.854167,28.177222,6.48,2669
106.457083,-10.661111,6.49,2670
106.839167,22.703611,7.68,2671
105.973750,-49.583889,4.93,2672
107.055417,33.832222,6.28,2673
105.815000,-59.178056,5.50,2674
107.151250,37.445000,6.16,2675
106.776667,4.910278,6.11,2676
106.383333,-34.777778,6.14,2677
106.669583,-11.294167,5.39,2678
106.649583,-12.393889,6.48,2679
106.502500,-30.655556,6.34,2680
108.492083,71.816667,6.35,2681
106.956250,7.471111,5.75,2682
106.076250,-56.749722,5.17,2683
107.091667,15.930833,5.44,2684
106.509583,-38.382778,6.11,2685
106.717917,-24.960556,6.08,2686
106.318750,-50.360278,6.46,2687
106.750417,-26.657778,6.62,2688
104.143333,-79.420278,5.45,2689
106.844167,-23.840278,5.71,2690
106.779583,-40.893333,5.79,2691
107.527917,21.246944,6.43,2692
107.097917,-26.393333,1.84,2693
107.334583,-10.347222,6.21,2694
107.205417,-24.044167,6.65,2695
107.913750,39.320556,4.90,2696
107.785000,30.245278,4.41,2697
106.805417,-51.967778,5.96,2698
107.388333,-16.234722,6.03,2699
107.846250,26.856667,5.78,2700
107.557083,-4.237222,4.92,2701
107.212917,-39.655833,4.83,2702
108.347500,51.428889,5.47,2703
107.428750,-25.231111,5.69,2704
107.538750,-18.685278,6.23,2705
108.110000,24.128333,5.85,2706
107.848333,-0.301944,5.45,2707
107.580833,-27.491389,5.46,2708
111.341250,81.257500,6.31,2709
107.963750,5.654722,6.09,2710
108.204167,27.224722,6.43,2711
106.558750,-68.837222,6.47,2712
108.030833,5.474722,6.16,2713
107.966250,-0.492778,4.15,2714
108.978750,59.637500,5.20,2715
107.923333,-20.883056,5.84,2716
108.342917,16.158889,5.00,2717
108.050833,-25.942500,5.92,2718
107.697917,-48.932222,5.14,2719
108.017083,-30.821667,6.10,2720
108.958750,47.240000,5.58,2721
108.610833,24.710833,6.89,2722
108.280000,-11.251389,5.78,2723
108.100417,-27.474167,6.59,2724
108.674583,24.885000,5.82,2725
108.107083,-36.544444,5.96,2726
108.065833,-40.498889,5.31,2727
108.635833,12.115833,5.62,2728
108.583333,3.111389,5.35,2729
108.349583,-22.673333,6.01,2730
108.545833,-3.901389,5.75,2731
108.564583,-9.947500,5.90,2732
108.451250,-22.906389,6.36,2733
108.401250,-27.356389,6.12,2734
107.175833,-70.497222,5.69,2735
107.187083,-70.498889,3.78,2736
109.390417,52.130833,5.92,2737
108.987917,27.897500,5.71,2738
108.617500,-10.316667,6.03,2739
108.140000,-46.759444,4.49,2740
108.446250,-31.083889,6.60,2741
112.768333,82.411389,4.96,2742
108.488333,-30.340000,6.33,2743
108.830417,-0.161389,6.41,2744
108.563333,-26.352500,4.66,2745
108.305833,-45.183056,4.89,2746
108.914167,7.977778,5.82,2747
108.385000,-44.639722,5.10,2748
108.702917,-26.772778,3.85,2749
108.712917,-27.038056,5.58,2750
109.632917,49.465000,5.05,2751
108.929583,-10.583889,5.95,2752
109.509167,40.883333,5.78,2753
108.008333,-63.190000,6.02,2754
108.947917,-23.740556,6.32,2755
108.837500,-30.686389,5.36,2756
109.517083,30.955833,6.24,2757
109.060417,-15.585833,5.46,2758
108.737917,-41.425833,5.94,2759
109.324167,6.680556,6.65,2760
108.691250,-46.849722,5.72,2761
108.659167,-48.271667,4.76,2762
109.523333,16.540278,3.58,2763
109.153333,-23.315556,4.79,2764
109.382083,-6.680000,6.29,2765
109.145833,-27.881111,4.64,2766
108.837500,-52.499722,5.97,2767
109.238333,-30.896667,6.32,2768
109.132500,-38.318889,5.80,2769
109.206250,-36.592778,5.03,2770
109.064583,-46.774444,5.66,2771
110.571667,59.901944,6.35,2772
109.285833,-37.097500,2.70,2773
109.449583,-26.797500,6.46,2774
110.262917,42.655556,6.35,2775
110.322917,45.228056,5.77,2776
110.030833,21.982222,3.53,2777
109.843333,2.740556,5.89,2778
109.948333,7.142778,5.91,2779
110.028750,15.142778,6.45,2780
109.667917,-24.558889,4.98,2781
109.676667,-24.954167,4.40,2782
110.712083,55.284444,6.53,2783
110.717083,55.281389,5.45,2784
109.758333,-19.280278,6.09,2785
109.713333,-26.585833,5.28,2786
109.576667,-36.734167,4.66,2787
109.867083,-16.395000,5.70,2788
109.517500,-43.986667,5.85,2789
109.659167,-36.742778,5.11,2790
109.640000,-39.210278,5.25,2791
110.555833,38.996111,6.40,2792
110.510833,36.760556,5.13,2793
109.807083,-33.727222,6.30,2794
110.486667,20.443611,5.10,2795
110.242500,-14.360000,5.45,2796
113.665417,80.896667,6.41,2797
110.320417,-8.878333,6.55,2798
110.221667,-22.851667,6.61,2799
110.229167,-26.963611,6.01,2800
110.514583,0.177222,5.99,2801
110.267917,-25.891389,5.87,2802
109.207500,-67.957222,3.98,2803
111.238333,51.887222,5.80,2804
111.035417,40.672222,5.19,2805
110.508333,-8.979167,6.43,2806
110.577083,-2.978889,6.23,2807
110.868750,25.050556,5.03,2808
111.857500,66.331667,6.47,2809
110.867500,22.945278,6.02,2810
110.605833,-5.982778,5.82,2811
110.556250,-19.016667,4.96,2812
110.089167,-52.311667,6.05,2813
110.090417,-52.309722,6.60,2814
110.161250,-52.086111,5.39,2815
111.139167,27.638056,5.76,2816
111.115417,15.517222,6.41,2817
111.678333,49.211389,4.64,2818
110.752500,-31.923889,5.43,2819
111.242500,11.669722,5.30,2820
111.431667,27.798056,3.79,2821
110.871250,-27.834167,5.38,2822
110.882917,-32.202222,5.39,2823
110.976250,-30.216944,6.60,2824
111.167083,-16.201111,5.33,2825
111.071667,-22.912778,6.19,2826
111.023750,-29.303056,2.45,2827
111.412083,9.276111,4.99,2828
110.992917,-35.837778,6.31,2829
112.719583,68.465556,5.64,2830
111.211250,-19.012222,6.24,2831
111.284583,-13.751944,5.78,2832
111.462500,-5.775000,5.97,2833
111.182500,-31.808889,5.35,2834
111.709167,21.535833,6.54,2835
111.616250,10.608333,6.37,2836
111.734583,20.257222,5.93,2837
111.514583,-4.537500,6.76,2838
111.332917,-21.982778,6.05,2839
111.672083,11.009167,6.41,2840
111.355417,-25.217778,5.78,2841
111.196667,-37.290000,6.97,2842
111.197083,-37.290833,6.84,2843
112.215000,48.183889,5.72,2844
111.787500,8.289444,2.90,2845
111.935000,21.445000,5.22,2846
111.429167,-31.738611,6.31,2847
101.744583,-87.025000,6.47,2848
112.483333,49.672500,5.36,2849
111.669583,-23.712222,6.56,2850
112.008750,6.941944,5.25,2851
112.277917,31.784444,4.18,2852
111.783333,-17.864444,5.63,2853
112.040833,8.925556,4.32,2854
111.747500,-23.086111,5.61,2855
111.676250,-34.140833,5.90,2856
112.335000,28.118056,5.05,2857
112.197083,15.109444,6.22,2858
111.965417,-11.556944,5.79,2859
111.928750,-22.859722,5.95,2860
112.452917,27.916111,5.01,2861
111.591250,-51.018333,5.10,2862
111.996667,-29.155833,5.54,2863
112.449167,12.006667,4.54,2864
112.327917,-1.905278,5.59,2865
112.357083,-7.551111,5.86,2866
112.342083,-10.326667,5.75,2867
112.341250,-14.999167,6.05,2868
112.095000,-37.810278,6.58,2869
112.213750,-31.848333,6.38,2870
112.214583,-31.846944,7.13,2871
112.982083,38.896389,6.54,2872
112.270417,-31.456389,5.77,2873
112.464167,-23.024444,4.85,2874
112.273750,-38.812222,5.43,2875
112.712917,-5.226389,6.24,2876
112.951667,17.086111,5.42,2877
112.307500,-43.301389,3.25,2878
113.210833,22.887778,6.54,2879
113.024583,1.914444,5.25,2880
112.677083,-30.962222,4.65,2881
112.676667,-37.339722,6.65,2882
113.024167,-8.880833,5.90,2883
112.498333,-52.651111,5.87,2884
112.857500,-36.152778,6.68,2885
113.402083,15.826667,5.25,2886
113.298333,3.290278,5.59,2887
112.213750,-64.510000,6.39,2888
112.928333,-35.887778,6.61,2889
113.650000,31.888611,2.88,2890
113.650000,31.888333,1.98,2891
112.628750,-54.399444,5.96,2892
113.521250,10.568333,6.28,2893
114.195833,55.755278,5.92,2894
113.092917,-35.961389,6.30,2895
113.786250,30.961111,5.33,2896
113.342083,-14.338333,6.21,2897
113.983333,43.031111,6.30,2898
113.331250,-19.412500,5.66,2899
113.290417,-24.710833,5.85,2900
113.565833,3.371389,5.81,2901
113.449583,-14.523889,4.97,2902
114.131667,46.180278,5.65,2903
113.691667,2.725000,6.55,2904
113.980417,26.895833,4.06,2905
113.513333,-22.296111,4.45,2906
113.306250,-40.058889,6.26,2907
113.305417,-43.086389,6.52,2908
113.577500,-23.473611,5.83,2909
113.579583,-23.474722,5.87,2910
113.462500,-36.338333,5.54,2911
113.620000,-26.116667,6.65,2912
113.553333,-33.463333,6.11,2913
114.474583,48.773611,5.92,2914
114.324167,40.025278,6.38,2915
113.645417,-27.011944,5.77,2916
113.493750,-39.905833,6.76,2917
114.144583,5.861667,5.91,2918
111.408333,-79.094167,5.53,2919
114.069167,-8.311389,6.27,2920
114.016250,-14.492778,5.70,2921
113.845000,-28.369444,4.64,2922
114.032500,-22.160556,6.34,2923
114.636667,35.048611,5.56,2924
113.664583,-51.474722,6.28,2925
114.560417,24.360278,6.27,2926
114.319583,-4.111111,5.13,2927
114.170833,-19.702222,5.74,2928
115.206250,57.082778,6.06,2929
114.791250,34.584167,4.90,2930
114.799583,24.222500,6.17,2931
114.412083,-14.441111,6.53,2932
114.320000,-23.775000,6.37,2933
113.915417,-52.533889,4.94,2934
115.060833,38.344444,5.73,2935
114.975417,32.009722,6.17,2936
114.342083,-34.968611,4.53,2937
114.869167,17.674722,5.05,2938
115.301667,48.131667,5.56,2939
114.182917,-48.830278,5.72,2940
114.007083,-55.887500,6.39,2941
114.436667,-35.277222,6.60,2942
114.825417,5.225000,0.38,2943
114.575000,-25.364722,4.70,2944
114.438333,-38.010556,6.38,2945
115.751667,58.710278,4.99,2946
114.779583,-18.679167,6.72,2947
114.705417,-26.801667,4.50,2948
114.707500,-26.803611,4.62,2949
115.029167,5.230833,6.02,2950
115.243750,23.018611,5.89,2951
114.600833,-39.991389,6.59,2952
115.197083,13.770833,6.24,2953
114.682917,-36.496944,5.80,2954
114.635833,-38.781111,6.19,2955
114.862083,-26.863056,6.50,2956
114.575833,-48.601111,5.68,2957
115.147917,-8.185833,6.01,2958
115.096667,-15.263611,4.94,2959
115.056667,-19.660833,5.93,2960
114.864167,-38.308333,4.84,2961
115.681250,34.000278,6.02,2962
114.932500,-38.139444,5.73,2963
114.949167,-38.260833,5.76,2964
115.465833,13.480556,5.77,2965
115.396667,3.624722,5.94,2966
115.513333,14.208333,5.56,2967
114.991667,-37.579444,6.00,2968
116.017500,50.433889,5.27,2969
115.311667,-9.551111,3.93,2970
114.751667,-53.273333,6.06,2971
115.180833,-27.945833,6.76,2972
115.827917,28.883611,4.28,2973
115.219583,-31.660833,6.56,2974
116.667083,65.455833,5.92,2975
115.348333,-22.337222,6.18,2976
116.614167,62.830556,6.49,2977
115.842500,22.399444,6.21,2978
113.840417,-74.275556,7.16,2979
113.840833,-74.275556,7.26,2980
115.315833,-38.533611,5.42,2981
115.772500,0.189444,6.19,2982
116.028750,25.784167,5.31,2983
115.340833,-44.632222,6.41,2984
116.111667,24.398056,3.57,2985
115.491667,-38.528889,6.54,2986
116.058333,12.859444,6.43,2987
115.700417,-26.351111,5.64,2988
116.030833,2.405000,6.47,2989
116.328750,28.026111,1.14,2990
116.288750,20.316389,6.33,2991
115.912917,-25.503889,6.55,2992
115.885000,-28.411111,4.59,2993
115.800000,-36.050278,5.60,2994
115.779167,-38.864167,6.89,2995
115.952083,-28.954722,3.96,2996
119.072083,80.265556,6.56,2997
115.738333,-45.173333,5.06,2998
116.663750,37.517500,5.18,2999
114.017500,-77.634167,6.18,3000
115.928750,-38.201944,6.40,3001
115.924583,-40.933889,5.17,3002
116.530833,18.510000,4.88,3003
116.141667,-24.673889,5.62,3004
115.778750,-49.992778,6.57,3005
115.542500,-58.630833,6.43,3006
116.040000,-36.062778,5.80,3007
116.567500,10.768333,5.30,3008
116.369583,-14.686111,6.89,3009
116.371250,-14.690833,6.07,3010
116.142500,-37.943056,5.88,3011
115.722083,-58.230000,6.21,3012
116.876250,33.415556,5.14,3013
116.509167,-6.772500,5.49,3014
116.487083,-14.563889,5.04,3015
116.269167,-37.887778,6.54,3016
116.313750,-37.968611,3.61,3017
116.395833,-34.173056,5.37,3018
116.687083,-12.675278,6.39,3019
116.325417,-43.752222,6.03,3020
117.140000,23.141111,6.18,3021
116.543333,-37.933889,5.88,3022
116.802083,-22.519722,5.90,3023
115.455000,-72.606111,3.95,3024
116.639167,-40.059722,6.57,3025
116.910417,-15.990833,6.34,3026
116.938333,-16.014444,6.43,3027
117.773750,54.129167,6.02,3028
116.986250,-12.193056,5.48,3029
117.258333,13.370833,6.04,3030
116.398333,-56.722500,6.12,3031
116.774167,-39.331389,6.31,3032
117.245417,4.332778,6.53,3033
117.021667,-25.937222,4.50,3034
116.854167,-38.511111,5.08,3035
116.182917,-66.071944,6.38,3036
116.881250,-46.608611,5.23,3037
116.054167,-69.821389,6.18,3038
118.152500,55.209444,6.38,3039
117.759583,33.233611,6.03,3040
117.035417,-40.652222,6.14,3041
117.369167,-13.353333,6.23,3042
117.257083,-24.912222,5.33,3043
117.421667,-17.228333,5.18,3044
117.323750,-24.859722,3.34,3045
117.084583,-47.077778,4.71,3046
117.544167,-9.183333,5.61,3047
117.438333,-20.206944,6.56,3048
117.311250,-35.243333,5.93,3049
117.697500,3.277222,6.18,3050
117.523750,-19.523611,6.12,3051
117.397500,-33.288889,5.60,3052
117.986250,19.325278,5.99,3053
117.730000,-11.128611,6.16,3054
117.309583,-46.373333,4.11,3055
117.080000,-56.471111,6.33,3056
117.367500,-44.751944,6.32,3057
117.303750,-46.857778,5.84,3058
117.925000,1.766944,5.14,3059
117.750000,-24.528333,6.45,3060
118.030000,3.277222,6.31,3061
117.277917,-56.410556,5.59,3062
117.920417,-12.819444,6.36,3063
117.942917,-13.898056,5.17,3064
118.622083,47.386111,6.25,3065
118.677917,47.564722,5.45,3066
118.374167,26.765833,4.97,3067
117.928750,-21.173889,5.63,3068
117.676667,-44.579722,6.45,3069
117.303750,-60.283611,5.78,3070
117.599583,-50.509722,5.91,3071
118.199583,-5.428056,5.76,3072
118.078750,-14.846389,5.69,3073
117.835417,-43.095556,6.32,3074
120.048750,73.918056,5.41,3075
117.478333,-60.051111,6.72,3076
119.111667,56.504444,6.72,3077
117.917917,-42.888333,6.04,3078
118.065417,-34.705278,5.01,3079
118.054167,-40.575833,3.73,3080
117.420833,-66.195833,5.79,3081
121.196250,79.479722,5.42,3082
118.920000,35.412778,6.23,3083
118.161250,-38.863056,4.49,3084
118.264583,-36.363889,5.43,3085
118.916250,19.883889,5.35,3086
118.880833,8.862778,5.86,3087
118.123750,-54.367222,5.70,3088
118.265417,-49.613056,4.63,3089
118.325833,-48.103056,4.24,3090
118.545833,-35.877500,5.49,3091
118.666250,-34.846944,6.15,3092
119.099583,4.485833,6.17,3093
119.569167,43.977500,6.34,3094
119.247500,15.790278,5.78,3095
118.807083,-30.917500,6.44,3096
119.316250,8.641389,6.05,3097
119.317500,1.126944,6.35,3098
119.095000,-30.285278,6.33,3099
118.752083,-52.583056,6.38,3100
118.943750,-43.845000,6.02,3101
119.214583,-22.880000,4.20,3102
119.524167,7.213611,6.41,3103
119.631250,16.518611,5.99,3104
118.721667,-57.303056,5.63,3105
120.336250,59.047500,5.77,3106
119.101250,-40.736389,6.78,3107
124.224167,84.057778,6.49,3108
120.426667,60.324444,6.01,3109
119.585833,2.224722,5.29,3110
119.241250,-42.406111,6.09,3111
120.628333,63.090278,6.40,3112
119.417083,-30.334722,4.79,3113
119.241250,-43.500278,5.35,3114
119.896250,13.242222,6.02,3115
119.326667,-44.109722,5.09,3116
119.194583,-52.982222,3.47,3117
119.333333,-47.890278,6.22,3118
120.649167,57.273611,6.49,3119
119.077500,-60.526389,5.74,3120
119.465833,-45.577778,5.17,3121
119.933750,-3.679722,4.93,3122
119.773750,-23.310556,5.11,3123
120.232917,25.392778,5.83,3124
120.200000,19.816111,6.25,3125
119.211250,-59.126389,6.25,3126
120.252917,23.583056,6.34,3127
120.197083,17.308611,5.55,3128
119.560000,-49.245000,4.41,3129
120.479583,35.413056,6.34,3130
119.966667,-18.399167,4.61,3131
120.432500,25.089722,6.31,3132
119.589167,-51.448611,6.44,3133
120.376250,16.455278,5.99,3134
120.183750,-2.881667,6.51,3135
120.307500,4.879722,5.65,3136
119.757500,-45.216111,5.99,3137
119.445417,-60.303333,5.60,3138
119.302083,-63.296944,6.14,3139
119.868333,-39.297222,5.24,3140
120.305417,-1.392500,4.68,3141
119.801250,-49.976667,6.32,3142
119.805833,-49.973611,6.34,3143
120.461250,8.913889,6.22,3144
120.566250,2.334444,4.39,3145
120.081667,-45.456944,6.61,3146
119.710417,-60.824444,5.81,3147
120.062083,-48.981389,6.02,3148
120.879583,27.794167,4.94,3149
120.608333,-6.337222,6.33,3150
120.120417,-48.871389,6.12,3151
119.917500,-60.207500,6.33,3152
119.906667,-60.586944,5.17,3153
120.405833,-37.283611,5.95,3154
120.525833,-37.050556,6.34,3155
120.207917,-54.151389,5.87,3156
120.345417,-54.515000,6.10,3157
121.188333,18.842222,6.15,3158
120.083333,-63.567500,4.82,3159
120.767083,-32.463889,5.82,3160
120.381250,-55.455000,6.28,3161
120.686667,-41.310000,5.52,3162
121.268750,13.118056,5.12,3163
121.404167,27.529722,6.21,3164
120.896250,-40.003333,2.25,3165
120.872917,-42.948611,6.29,3166
121.791250,43.260278,6.26,3167
121.172917,-19.728056,6.13,3168
121.576667,22.635556,5.99,3169
121.067500,-32.675000,5.31,3170
119.817083,-73.244722,6.34,3171
121.456667,-0.573611,6.41,3172
122.114167,51.506667,4.84,3173
121.614583,-9.245000,6.23,3174
122.515833,58.248056,5.93,3175
121.940833,21.581667,5.30,3176
121.437083,-33.569167,6.14,3177
121.176667,-50.590556,5.95,3178
121.335000,-46.978889,6.19,3179
121.266667,-53.108056,5.53,3180
122.346250,42.430556,6.27,3181
123.203333,68.474167,5.32,3182
121.825000,-20.554722,5.38,3183
122.176667,13.640833,6.27,3184
121.885833,-24.304167,2.81,3185
121.178750,-62.836111,6.30,3186
121.668333,-45.266389,5.05,3187
122.148333,-2.983889,4.34,3188
122.237083,-11.339722,6.32,3189
122.181250,-20.363056,6.36,3190
122.613333,25.507222,5.73,3191
122.256667,-19.245000,4.40,3192
122.840000,38.731389,6.58,3193
122.368750,-16.248889,5.68,3194
122.156667,-37.681389,6.37,3195
122.277917,-30.322500,6.65,3196
126.137083,82.430833,6.32,3197
122.745000,14.629444,6.23,3198
122.292500,-35.455000,6.20,3199
123.459167,56.452222,5.85,3200
122.819167,9.821111,6.07,3201
122.665833,-13.799167,5.54,3202
122.290000,-48.684444,5.70,3203
122.399583,-44.122778,5.21,3204
122.448750,-42.640556,6.26,3205
122.372083,-47.345833,4.27,3206
122.383333,-47.336667,1.78,3207
123.052917,17.647778,5.63,3208
123.052917,17.647778,6.02,3209
123.055417,17.647778,6.20,3210
122.817917,-12.926944,4.72,3211
122.887500,-7.772500,5.36,3212
122.430000,-47.937500,5.23,3213
123.092083,14.003889,6.54,3214
123.287083,29.656667,5.64,3215
124.884167,75.756944,5.54,3216
122.102083,-63.801111,6.28,3217
122.390000,-56.085556,5.66,3218
122.756667,-37.292222,6.44,3219
122.252917,-61.302500,4.76,3220
123.960417,60.380556,6.45,3221
123.249167,16.514167,6.01,3222
121.982500,-68.617222,4.35,3223
123.423750,23.137778,6.56,3224
122.839583,-39.618611,4.45,3225
122.857917,-42.987222,4.75,3226
122.796250,-48.461944,5.82,3227
123.546250,17.675833,6.47,3228
123.333333,-15.788333,4.99,3229
123.191667,-29.910833,6.52,3230
123.587500,13.048333,6.38,3231
123.000000,-46.644167,5.76,3232
123.214583,-37.924444,6.43,3233
123.128750,-46.264167,6.03,3234
124.460000,59.571111,5.64,3235
125.167917,72.407222,5.98,3236
123.373333,-35.899722,4.78,3237
123.421250,-33.569167,6.37,3238
123.545833,-32.140833,6.06,3239
123.493333,-36.322500,5.08,3240
123.495000,-36.341111,6.11,3241
123.555000,-35.490556,5.78,3242
123.512083,-40.348056,4.44,3243
123.400833,-46.991944,5.13,3244
124.822083,62.507222,5.71,3245
124.565833,54.143611,6.27,3246
123.392083,-50.196111,5.51,3247
124.141250,11.726389,7.13,3248
124.128750,9.185556,3.52,3249
123.599583,-45.834444,5.83,3250
123.968750,-30.925833,6.21,3251
124.382083,8.866111,6.29,3252
123.995417,-35.902778,6.16,3253
125.108750,57.743333,5.89,3254
124.225833,-21.320278,6.60,3255
123.847083,-50.449444,6.44,3256
124.346250,-16.285000,6.16,3257
125.121250,53.574444,6.49,3258
124.599583,-12.631944,5.98,3259
123.816250,-62.915833,5.16,3260
124.492917,-30.003333,6.45,3261
125.016250,27.217778,5.14,3262
125.683750,60.631111,6.41,3263
125.087500,20.747778,5.83,3264
124.812917,-10.165833,6.32,3265
124.572500,-35.451667,5.58,3266
124.552500,-37.374167,6.70,3267
125.133750,24.022222,5.98,3268
124.957917,3.947778,6.05,3269
124.638750,-36.659444,4.45,3270
125.054583,-0.909444,6.18,3271
125.071250,-5.329167,6.13,3272
124.872500,-34.590278,6.43,3273
124.482500,-59.166944,6.42,3274
125.708750,43.188056,4.25,3275
125.114167,-22.924722,6.13,3276
125.952083,53.219722,5.51,3277
125.334167,-1.602222,6.50,3278
125.338333,-20.079167,5.58,3279
124.578750,-65.613333,5.07,3280
125.477500,-17.586389,5.75,3281
125.345833,-33.054444,4.83,3282
125.337500,-36.484444,5.20,3283
125.840833,18.332222,5.95,3284
125.625833,-6.179167,6.15,3285
125.350833,-39.620833,6.16,3286
126.178333,42.005000,6.02,3287
125.725000,-7.543333,5.96,3288
125.695000,-13.054722,6.11,3289
125.980000,10.631944,6.08,3290
125.707917,-26.348056,5.90,3291
126.270417,35.011389,6.06,3292
125.300000,-57.973056,5.97,3293
125.631667,-48.490278,4.82,3294
126.151667,-4.716944,6.01,3295
125.821667,-38.285833,6.32,3296
126.145833,-3.751111,5.61,3297
125.282083,-64.106111,6.12,3298
126.457917,17.046111,6.14,3299
125.730000,-52.123889,5.85,3300
124.954167,-71.515000,5.37,3301
125.002917,-71.505278,5.65,3302
127.442500,67.297500,5.88,3303
126.615417,27.893611,5.57,3304
126.397917,2.102222,5.73,3305
126.478333,7.564444,5.13,3306
125.628333,-59.509722,1.86,3307
126.229583,-23.153611,5.68,3308
126.903333,45.653056,6.32,3309
126.695000,26.934444,6.32,3310
126.695833,26.935278,6.30,3311
126.665833,24.534167,7.02,3312
126.667083,24.535278,7.81,3313
126.415000,-3.906389,3.90,3314
126.265417,-24.046111,5.28,3315
126.329583,-21.045833,6.01,3316
126.414167,-17.439444,6.44,3317
124.631667,-76.919722,4.07,3318
126.682917,12.654444,5.50,3319
126.481667,-14.929722,5.98,3320
126.613333,-3.987500,5.59,3321
126.238333,-42.769444,5.98,3322
127.566250,60.718056,3.36,3323
126.674583,-12.534444,5.54,3324
126.821667,-6.409722,6.59,3325
126.466250,-42.153333,5.47,3326
126.573333,-39.059444,6.53,3327
126.575833,-39.060278,7.25,3328
127.153333,24.144722,6.10,3329
126.379167,-51.728056,5.17,3330
126.711667,-29.215278,6.73,3331
128.222500,69.320000,6.31,3332
127.155417,14.210833,5.95,3333
125.518333,-73.400000,5.29,3334
126.888750,-20.843889,6.56,3335
126.818333,-31.673056,6.33,3336
127.121667,-2.517222,6.39,3337
127.082083,-8.816111,6.43,3338
126.972917,-26.132500,6.62,3339
125.160417,-77.484444,4.35,3340
126.605000,-52.807500,6.05,3341
127.212083,-9.748333,6.00,3342
126.997083,-35.113889,5.75,3343
127.149583,-23.071667,6.51,3344
127.222083,-20.950278,6.67,3345
126.465000,-64.600833,5.97,3346
126.434167,-66.136944,3.77,3347
127.832917,37.265833,6.18,3348
126.864167,-55.011667,6.53,3349
126.902083,-53.088611,5.09,3350
128.139583,53.114722,6.24,3351
129.202917,74.723611,6.31,3352
127.365000,-27.332500,6.70,3353
128.650833,65.145000,5.47,3354
127.877083,24.081111,5.75,3355
127.281667,-44.160556,5.79,3356
127.898750,18.094444,5.35,3357
127.269583,-47.929167,5.33,3358
127.365000,-44.725000,4.99,3359
128.229167,38.016389,5.90,3360
127.977500,9.814444,6.83,3361
127.619167,-32.159444,5.65,3362
127.440000,-46.331944,5.99,3363
127.623333,-36.721111,6.69,3364
128.340833,36.436389,6.24,3365
128.177083,20.441111,5.33,3366
127.878750,-19.577500,5.42,3367
127.401250,-55.191111,6.36,3368
128.250417,24.084722,6.36,3369
126.820417,-70.093333,5.53,3370
127.663333,-44.737222,6.30,3371
128.166250,10.066111,6.46,3372
127.852500,-39.064167,6.31,3373
128.138750,-15.029444,6.38,3374
127.795000,-47.866667,6.39,3375
128.437917,13.257222,6.28,3376
128.682500,36.419444,5.78,3377
128.431250,4.756667,5.87,3378
129.927500,73.629722,6.15,3379
128.555417,8.451944,6.03,3380
128.270000,-24.606389,6.19,3381
127.873333,-54.394167,6.34,3382
128.506667,-2.151667,5.81,3383
128.214583,-31.500833,6.38,3384
128.244167,-34.633889,6.36,3385
128.020000,-53.212222,5.69,3386
128.830833,19.590000,6.58,3387
128.332917,-38.371111,6.49,3388
128.409583,-38.848889,5.96,3389
128.376667,-46.971111,6.24,3390
129.798750,65.020833,5.64,3391
128.853750,2.743611,6.33,3392
126.082500,-80.914167,5.69,3393
129.032083,15.313611,6.32,3394
128.962500,6.620000,5.99,3395
128.963750,6.622500,7.25,3396
128.632083,-32.598611,6.43,3397
128.867500,-7.982222,5.72,3398
128.622083,-37.611389,6.30,3399
129.592500,53.401389,5.66,3400
129.792500,59.939444,6.48,3401
128.870000,-26.843611,5.96,3402
130.053333,64.327778,4.60,3403
128.802500,-39.970000,6.47,3404
129.750000,52.925000,6.42,3405
129.274167,9.655556,5.88,3406
128.681667,-49.944167,5.01,3407
129.823333,52.711667,5.91,3408
129.579167,32.801944,5.94,3409
129.414167,5.703611,4.16,3410
129.362917,-4.933611,6.19,3411
129.521667,9.574722,6.53,3412
128.967083,-50.970000,5.80,3413
128.831667,-58.009167,4.86,3414
128.814167,-58.225000,5.26,3415
129.584583,-6.662500,6.51,3416
128.175833,-73.356667,6.12,3417
129.689167,3.341389,4.44,3418
129.373750,-33.745833,6.48,3419
129.467500,-26.255000,5.27,3420
129.332917,-40.147500,6.55,3421
130.254583,45.833889,5.37,3422
130.076250,31.941944,6.10,3423
129.852500,8.017222,6.45,3424
129.667917,-19.736944,6.33,3425
129.411250,-42.989167,4.14,3426
130.026667,20.007778,6.39,3427
130.092083,19.670000,6.44,3428
130.112500,19.545000,6.30,3429
129.783333,-22.661944,5.05,3430
130.006250,-12.475278,4.98,3431
129.328333,-62.853611,5.47,3432
129.927083,-29.561111,4.89,3433
129.842083,-36.606944,6.13,3434
129.687083,-53.090556,6.47,3435
130.750833,46.901111,6.22,3436
130.256667,-9.051944,6.63,3437
130.025833,-35.308333,3.97,3438
130.080417,-40.264167,5.20,3439
129.849167,-53.439722,5.48,3440
130.430417,-15.943333,4.88,3441
129.990000,-53.055000,5.19,3442
129.805000,-60.317222,6.36,3443
130.147083,-45.191389,5.71,3444
130.156667,-46.648889,3.84,3445
130.540833,-11.966111,6.45,3446
130.073333,-52.921944,3.62,3447
130.072500,-53.015278,5.61,3448
130.821250,21.468611,4.66,3449
130.801250,12.680833,5.64,3450
131.042083,36.918056,6.33,3451
130.304583,-47.316944,4.77,3452
130.272083,-48.922500,5.90,3453
130.806250,3.398611,4.30,3454
130.181667,-57.545278,6.34,3455
130.487083,-45.410833,5.23,3456
130.154167,-59.761111,4.33,3457
130.998750,4.334722,6.37,3458
130.918333,-7.233611,4.62,3459
129.771667,-70.386944,5.20,3460
131.171250,18.154167,3.94,3461
130.566667,-48.099167,5.51,3462
130.737500,-35.943333,6.42,3463
131.339167,30.697778,6.13,3464
131.187500,10.081667,5.66,3465
130.578750,-53.100000,5.52,3466
130.606250,-53.113889,4.86,3467
130.897917,-33.186389,3.68,3468
131.255417,5.680556,6.13,3469
132.205833,66.708056,6.20,3470
130.587083,-55.774167,6.29,3471
131.336667,-2.600833,6.41,3472
131.230000,-21.167778,6.11,3473
131.666667,28.765278,6.57,3474
131.674167,28.760000,4.02,3475
130.917917,-49.822778,5.16,3476
131.100000,-42.649167,4.07,3477
131.510417,-2.048889,5.70,3478
131.216250,-37.147222,5.76,3479
131.528750,-11.006389,6.25,3480
131.733333,12.110000,5.87,3481
131.694167,6.418889,3.38,3482
131.455417,-25.387500,6.10,3483
131.593750,-13.547778,4.32,3484
131.175833,-54.708333,1.96,3485
131.812500,-1.897222,5.29,3486
131.507083,-46.041667,3.91,3487
131.599167,-41.125556,6.21,3488
131.272083,-58.725000,6.21,3489
131.705000,-34.622778,6.37,3490
130.976250,-68.211667,6.32,3491
132.108333,5.837778,4.36,3492
132.020417,-6.558611,6.09,3493
131.627500,-45.912778,5.46,3494
131.125000,-65.825556,6.05,3495
131.828750,-46.155556,5.75,3496
131.918750,-41.737222,6.36,3497
131.677083,-56.769722,4.49,3498
132.634167,33.285278,6.25,3499
132.340417,-3.443056,5.31,3500
132.036667,-42.463889,6.43,3501
130.331250,-78.963333,5.47,3502
132.000833,-52.850556,6.30,3503
132.687917,18.832222,6.16,3504
133.344167,61.962222,5.73,3505
133.274583,59.056111,6.25,3506
132.437083,-21.048611,6.47,3507
132.986667,43.726667,5.15,3508
133.048333,45.312500,5.99,3509
132.756250,15.350556,6.38,3510
133.041667,42.002500,5.99,3511
132.464583,-32.780556,5.21,3512
132.509167,-29.463056,5.87,3513
132.413333,-40.320556,5.48,3514
132.590000,-28.618056,6.17,3516
132.468333,-39.141667,6.39,3517
132.632917,-27.710000,4.01,3518
133.144167,32.474167,5.66,3519
132.448750,-45.308056,4.93,3520
133.119167,28.259167,6.23,3521
133.149167,28.330833,5.95,3522
132.893750,-7.177222,5.54,3523
130.801667,-79.069722,6.05,3524
132.587500,-42.090000,6.00,3525
133.100833,5.340000,6.33,3526
132.639583,-46.529167,5.10,3527
133.482083,35.538333,6.14,3528
133.127917,-13.233611,6.13,3529
132.866250,-42.504444,6.55,3530
134.156250,64.603889,5.58,3531
133.561250,30.579444,5.39,3532
133.108750,-32.509167,6.50,3533
133.160833,-36.545556,6.42,3534
133.200000,-38.724167,5.82,3535
132.902500,-57.633611,5.59,3536
132.645000,-66.793056,5.35,3537
133.574583,-5.434444,6.00,3538
133.160833,-48.359167,5.91,3539
133.915417,27.927500,5.22,3540
133.845417,17.231389,6.64,3541
133.170000,-52.129167,6.39,3542
131.480000,-79.504444,5.79,3543
132.459583,-72.550833,6.11,3544
134.208333,45.631944,5.74,3545
134.127083,40.201667,5.89,3546
133.848333,5.945556,3.11,3547
133.461250,-40.447500,6.47,3548
133.265833,-56.649444,6.03,3549
133.981667,11.626111,5.41,3550
133.461250,-47.520833,5.33,3551
133.872917,-7.970278,6.91,3552
133.873333,-7.971111,6.67,3553
133.801667,-18.241389,5.75,3554
134.235833,32.910278,5.45,3555
133.881250,-27.681944,4.89,3556
134.153750,4.236667,6.14,3557
134.284167,17.143889,6.17,3558
133.982917,-23.818333,6.39,3559
133.452917,-60.354167,5.78,3560
134.312083,15.322778,5.20,3561
133.830417,-45.041667,6.26,3562
134.494583,30.233611,6.29,3563
134.142083,-16.709444,5.96,3564
134.396667,15.581389,5.67,3565
134.614583,35.802500,6.51,3566
134.425000,9.387778,6.19,3567
133.725000,-58.240000,6.38,3568
134.801667,48.041667,3.14,3569
133.799583,-54.965556,5.71,3570
133.761667,-60.644722,3.84,3571
134.621667,11.857778,4.25,3572
134.534167,1.541667,6.59,3573
134.080833,-52.723611,4.69,3574
134.885833,32.418611,5.20,3575
135.636250,67.629722,4.76,3576
134.795000,18.134722,6.38,3577
134.682917,-16.132778,5.86,3578
135.160000,41.782778,3.97,3579
135.128333,37.604444,6.44,3580
138.838333,84.181111,6.33,3581
134.243333,-59.229444,4.92,3582
134.482500,-48.573333,5.87,3583
134.916250,-19.208056,6.18,3584
134.815417,-28.806111,6.25,3585
135.419167,39.713333,6.36,3586
135.350417,32.252500,5.82,3587
134.717917,-47.234722,5.18,3588
135.453750,27.902778,6.07,3589
135.380833,5.640833,6.07,3590
135.022500,-41.253889,4.45,3591
136.001667,54.283889,5.75,3592
135.092500,-43.173333,6.07,3593
135.906250,47.156667,3.60,3594
135.684583,24.452778,5.45,3595
135.491667,-0.482778,5.67,3596
135.297500,-26.663889,6.20,3597
134.850417,-59.083611,5.16,3598
135.686667,7.298056,5.85,3599
135.336667,-41.864444,5.55,3600
136.041250,27.898333,6.38,3601
135.526667,-39.402500,6.27,3602
136.350417,48.530278,5.95,3603
135.190417,-60.963889,5.79,3604
135.435833,-52.188333,5.23,3605
136.230000,32.376944,6.46,3606
135.786667,-25.504444,6.74,3607
136.679583,59.344444,6.45,3608
137.098333,66.873333,5.14,3609
135.285417,-68.683889,5.88,3610
135.771667,-53.549722,6.40,3611
136.632500,38.452222,4.56,3612
136.493333,5.092222,4.97,3613
136.038750,-47.097778,3.75,3614
135.611667,-66.396111,4.00,3615
137.596667,67.134722,4.80,3616
136.862083,22.981111,6.40,3617
136.749583,1.462778,6.17,3618
137.217917,51.604722,4.48,3619
137.017083,32.540556,6.50,3620
137.000417,29.654167,5.43,3621
136.200000,-57.852500,6.44,3622
136.936667,10.668056,5.24,3623
137.729583,63.513611,4.67,3624
137.212917,33.882222,5.93,3625
137.197083,26.629167,5.98,3626
137.339583,22.045556,5.14,3627
137.012083,-25.858333,4.58,3628
136.641667,-55.803333,6.11,3629
137.175833,-8.589444,5.60,3630
136.811250,-51.211944,6.73,3631
136.531667,-64.499722,6.37,3632
138.513333,71.655833,6.55,3633
136.999167,-43.432500,2.21,3634
137.443333,11.564444,6.48,3635
137.297917,-12.357778,5.77,3636
137.181250,-26.767778,6.15,3637
137.267917,-18.328611,5.73,3638
137.661250,30.963056,5.95,3639
137.587083,21.996389,6.01,3640
137.397917,-8.787778,5.46,3641
136.409583,-70.538889,4.71,3642
136.286667,-72.602778,4.48,3643
137.485000,-30.365278,5.59,3644
138.969167,72.946111,5.96,3645
137.595833,-23.176667,6.53,3646
137.437917,-49.424722,6.48,3647
138.585833,61.423333,5.13,3648
137.981667,5.468333,6.35,3649
138.073333,14.996111,6.51,3650
138.053750,3.867222,6.14,3651
138.450833,43.217778,5.32,3652
137.994583,-19.747778,5.73,3653
137.768333,-44.868056,5.00,3654
138.108333,-7.109722,6.11,3655
137.920833,-39.258889,6.00,3656
138.405417,21.283333,6.48,3657
137.888333,-46.583889,5.79,3658
137.741667,-58.966944,3.44,3659
138.957917,56.741389,5.27,3660
138.127500,-43.613611,5.57,3661
139.047083,54.021944,4.83,3662
137.819167,-62.317222,3.97,3663
138.809583,34.633611,5.97,3664
138.591250,2.314167,3.88,3665
139.982500,74.016389,6.50,3666
138.357917,-38.616389,6.31,3667
138.327500,-42.273611,6.29,3668
138.807500,14.941389,5.34,3669
138.393750,-47.338611,5.92,3670
138.534167,-44.145833,5.85,3672
138.231667,-59.414444,5.54,3673
138.602083,-43.227500,5.25,3674
138.853750,-15.024722,6.35,3675
139.380000,46.817222,5.97,3676
138.738333,-37.602500,5.86,3677
134.171250,-85.663056,5.42,3678
138.575000,-55.569722,5.27,3679
138.810833,-45.555556,6.25,3680
139.173750,-6.353056,5.24,3681
138.902917,-38.570000,4.94,3682
139.172083,-8.744722,5.47,3683
138.937917,-37.413333,4.62,3684
138.300000,-69.717222,1.68,3685
139.608333,35.364167,5.75,3686
139.281250,-14.573611,5.84,3687
139.017500,-44.898611,6.04,3688
139.464167,11.501111,6.41,3689
139.711250,36.802500,3.82,3690
138.822917,-58.388611,6.02,3691
139.096250,-44.265833,5.12,3692
138.895833,-57.578056,6.32,3693
139.238333,-39.401389,5.33,3694
138.051250,-76.663056,6.14,3695
139.050833,-57.541389,4.34,3696
140.182500,51.266111,6.13,3697
140.430417,56.699167,5.47,3698
139.272500,-59.275278,2.25,3699
139.426250,-54.495278,6.33,3700
140.247083,38.188333,6.12,3701
139.890417,-11.314167,6.62,3702
139.524167,-51.051111,5.26,3703
139.888333,-15.834444,5.78,3704
140.263750,34.392500,3.13,3705
139.943333,-11.975000,4.79,3706
140.363333,32.901944,6.16,3707
139.675833,-51.560556,5.87,3708
140.120833,-9.555833,4.80,3709
139.949583,-34.103333,6.39,3710
140.314167,15.371111,6.53,3711
139.321667,-68.689444,5.39,3712
139.465417,-67.050833,6.11,3713
140.231250,-15.617778,6.33,3714
140.184167,-31.760556,6.82,3715
140.123333,-37.581389,6.05,3716
139.885833,-55.186667,6.28,3717
140.373333,-25.965556,4.72,3718
141.965000,75.098333,6.29,3719
139.355833,-74.894444,5.29,3720
139.364167,-74.734722,5.86,3721
141.434167,63.940833,6.28,3722
140.882500,25.183056,6.41,3723
140.712083,-9.838889,6.53,3724
141.232083,51.573889,6.31,3725
140.462083,-42.195000,5.58,3726
141.093750,36.586944,6.67,3727
140.236667,-62.404722,4.81,3728
140.652917,-39.774722,6.54,3729
140.600000,-46.047500,5.75,3730
141.163750,26.182222,4.46,3731
140.458333,-55.515000,5.63,3732
140.801250,-28.833889,4.69,3733
140.528333,-55.010833,2.50,3734
140.936667,-37.757222,6.48,3735
141.385417,16.585556,6.29,3736
141.067917,-39.425833,6.06,3737
141.350000,-5.117500,5.59,3738
140.997917,-51.737222,6.08,3739
140.864167,-60.302500,6.30,3740
141.592917,-1.463889,6.01,3741
141.023750,-61.648889,5.99,3742
142.166667,45.601389,5.41,3743
141.810833,-9.223611,6.54,3744
141.686667,-28.787500,6.10,3745
141.618750,-40.501944,6.20,3746
142.448333,55.745556,6.45,3747
141.896667,-8.658611,1.98,3748
141.826667,-22.343889,4.69,3749
141.945000,-6.071111,5.38,3750
144.271667,81.326389,4.29,3751
141.362917,-61.950278,5.77,3752
141.575417,-53.379167,5.11,3753
142.114583,9.056667,5.41,3754
142.121667,8.188333,5.71,3755
141.910000,-35.007778,6.65,3756
142.882083,63.061944,3.67,3757
142.259167,-1.256944,6.27,3758
142.287083,-2.768889,4.60,3759
142.352083,-2.205278,6.14,3760
141.684167,-64.929722,6.05,3761
142.385000,-4.247222,6.26,3762
142.302500,-20.748611,5.66,3763
142.680000,33.655556,5.85,3764
142.311250,-35.951389,4.51,3765
142.317917,-38.403889,6.19,3766
142.457917,-23.345278,6.24,3767
143.723333,72.205556,5.72,3768
142.885000,35.103056,5.37,3769
142.477083,-26.589722,5.48,3770
143.620417,69.830278,4.56,3771
142.594167,-15.577222,5.85,3772
142.930000,22.968056,4.31,3773
144.028333,74.317778,6.46,3774
143.214167,51.677222,3.17,3775
142.195833,-62.273056,5.92,3776
141.776667,-71.602222,5.47,3777
143.280000,49.438611,6.76,3778
142.990000,9.715833,5.07,3779
142.689167,-31.891389,7.00,3780
142.692083,-31.889444,6.18,3781
142.986250,11.299722,4.97,3782
142.127500,-66.701944,5.91,3783
142.521667,-51.517222,5.45,3784
142.912083,-10.552222,6.14,3785
142.675000,-40.466667,3.60,3786
142.995417,-1.185000,4.57,3787
142.982500,-10.370556,6.13,3788
142.884167,-31.871944,5.93,3789
142.887083,-35.715000,5.87,3790
143.376250,36.486944,6.18,3791
143.326250,28.368056,6.53,3792
142.597500,-58.361667,5.88,3793
143.172500,1.864167,6.11,3794
141.037917,-80.786944,5.36,3795
143.085000,-19.400278,5.74,3796
143.581667,46.902222,6.52,3797
143.077083,-28.628056,6.46,3798
143.706250,52.051389,4.50,3799
143.555833,36.397500,4.55,3800
143.258750,-8.505278,6.12,3801
143.232500,-13.516944,5.94,3802
142.805417,-57.034444,3.13,3803
143.496250,23.453889,6.25,3804
143.333750,-7.190000,6.24,3805
144.484167,73.080556,6.42,3806
143.080417,-40.649444,5.35,3807
143.302083,-21.115833,5.01,3808
143.765833,39.621389,4.81,3809
143.359167,-22.863889,5.91,3810
143.843333,39.963333,6.76,3811
143.282500,-39.128889,6.43,3812
142.887083,-66.719444,6.27,3813
143.636250,-5.915000,5.56,3814
143.915000,35.810278,5.41,3815
143.060833,-62.788889,6.10,3816
143.435417,-49.005000,5.12,3817
143.970417,14.379722,6.36,3818
143.536667,-51.255278,5.01,3819
144.178750,31.161667,5.56,3820
142.901250,-73.080833,5.47,3821
143.890417,-19.583611,6.31,3822
143.799167,-35.823889,6.49,3823
144.866250,67.272222,5.94,3824
143.611250,-59.229444,4.08,3825
144.260833,16.437778,5.69,3826
144.302917,6.835833,5.00,3827
144.140417,-24.702778,6.53,3828
144.590417,40.239722,5.25,3829
144.250833,-25.296667,5.70,3830
144.105417,-48.751389,6.17,3831
144.464583,-9.424444,6.40,3832
144.291250,-32.178611,5.63,3833
144.613750,4.649167,4.68,3834
144.367917,-36.095833,5.98,3835
144.206667,-49.355278,4.35,3836
144.192917,-52.944167,6.19,3837
145.561667,69.237500,5.69,3838
145.738333,72.252500,5.17,3839
144.301250,-53.668611,5.45,3840
144.021250,-64.950556,6.56,3841
144.506250,-43.191111,5.50,3842
146.378333,78.134722,6.23,3843
144.669583,-39.614167,6.70,3844
144.964167,-1.142778,3.91,3845
144.947500,-10.570278,6.31,3846
146.825000,79.136667,6.17,3847
145.083750,-10.769167,6.37,3848
145.076667,-14.332222,5.06,3849
145.396667,31.278056,5.89,3850
145.501250,39.757778,5.62,3851
145.287500,9.892222,3.52,3852
145.410417,25.912778,6.24,3853
145.679583,48.431111,6.39,3854
145.779167,54.363611,6.47,3855
144.837500,-61.328056,4.52,3856
145.677917,35.093333,6.14,3857
145.320833,-23.591667,4.77,3858
146.152917,64.983889,6.17,3859
143.471667,-80.941389,5.11,3860
145.888750,29.974444,5.64,3861
145.560000,-23.915556,4.94,3862
145.177083,-57.983611,5.32,3863
145.259167,-57.259722,5.80,3864
146.480833,63.653333,6.34,3865
145.932917,14.021667,5.35,3866
145.672500,-35.501667,6.41,3867
145.449167,-55.214167,6.00,3868
146.125000,18.863611,6.50,3869
146.632083,57.128056,5.20,3870
146.050417,-27.769444,4.79,3871
145.864583,-51.228333,6.15,3872
146.462917,23.774167,2.98,3873
146.065833,-39.571111,6.82,3874
145.925833,-53.891667,5.56,3875
146.541667,6.708611,5.79,3876
146.597083,11.810000,5.63,3877
146.340833,-30.202778,6.45,3878
146.598333,1.785556,5.65,3879
146.857917,11.568333,6.45,3880
147.147500,46.021111,5.09,3881
146.889583,11.428889,6.02,3882
146.418750,-57.185556,6.46,3883
146.311667,-62.507778,3.69,3884
147.598750,65.593333,6.31,3885
146.626667,-44.755000,5.55,3886
146.480833,-58.794167,6.22,3887
147.747500,59.038611,3.80,3888
147.458750,21.179444,6.09,3889
146.775417,-65.071944,3.01,3890
146.777917,-65.072500,6.26,3891
147.367083,-37.186389,5.97,3892
147.625417,4.343611,6.24,3893
148.026667,54.064444,4.59,3894
147.166667,-56.411944,6.06,3895
147.758333,13.066111,6.46,3896
147.463750,-36.268611,6.37,3897
147.487917,-45.732778,5.08,3898
147.808333,-4.243333,6.01,3899
147.970833,24.395278,5.32,3900
147.840000,-6.181667,6.42,3901
146.585833,-76.776111,5.45,3902
147.869583,-14.846667,4.12,3903
147.675000,-46.934444,5.73,3904
148.190833,26.006944,3.88,3905
148.050833,2.454167,6.02,3906
148.050000,0.075556,6.35,3907
147.998333,-16.534722,6.08,3908
148.126667,-8.105000,5.05,3909
147.832500,-46.193889,5.62,3910
148.764167,61.116111,6.27,3911
147.920000,-46.547778,4.58,3912
147.800417,-59.425833,5.79,3913
147.732083,-62.745278,5.57,3914
148.428750,5.958333,5.95,3915
148.241667,-27.332222,6.30,3916
148.929167,49.820000,5.27,3917
149.595000,72.879444,5.83,3918
148.551250,-25.932500,4.88,3919
148.250000,-55.373333,6.48,3920
148.632083,-22.488333,6.24,3921
149.306667,57.418333,5.93,3922
148.717500,-19.009444,4.94,3923
148.459167,-51.146944,5.93,3924
148.573333,-45.283889,5.71,3925
149.108333,8.933056,5.85,3926
148.713750,-50.243889,5.72,3927
149.421250,41.055556,5.14,3928
149.487083,45.414444,6.30,3929
149.022500,-40.824722,6.41,3930
149.193750,-26.550278,6.28,3931
149.147917,-33.418611,5.84,3932
149.225000,-27.475000,6.32,3933
152.142917,83.918333,6.37,3934
149.091250,-51.336111,6.37,3935
149.608750,27.758889,6.30,3936
149.555833,12.444722,5.26,3937
149.531667,8.314167,6.04,3938
149.965417,56.811944,5.48,3939
149.215833,-54.567778,3.54,3940
149.295417,-52.638889,6.12,3941
149.900833,29.645278,5.73,3942
149.427083,-48.414444,6.05,3943
149.040417,-71.389444,6.35,3944
149.929583,3.384722,6.70,3945
149.775417,-23.950278,6.21,3946
149.717917,-35.891111,5.23,3947
149.313333,-64.489444,6.58,3948
149.248750,-69.101944,6.20,3949
150.053333,8.044167,4.70,3950
150.252917,31.923611,5.36,3951
150.703750,21.949167,5.66,3952
150.143333,-56.946667,6.52,3953
151.151250,53.891667,5.74,3954
150.418750,-53.364444,6.20,3955
150.705417,-30.577500,6.54,3956
150.491667,-57.349722,6.20,3957
151.293750,52.370833,6.14,3958
150.920833,-9.573889,6.12,3959
150.500000,-60.420833,5.94,3960
151.035000,3.201111,6.45,3961
150.922500,-25.316667,6.70,3962
151.012083,-18.101667,5.86,3963
150.835417,-46.636111,6.12,3964
151.087500,-24.285556,5.70,3965
150.749583,-60.178611,6.19,3966
150.705833,-62.156389,6.42,3967
151.097500,-39.975833,6.43,3968
151.420417,15.757500,6.37,3969
151.281250,-13.064722,4.60,3970
150.892917,-61.883889,6.14,3971
151.313333,-36.383889,6.27,3972
151.697500,5.611389,6.21,3973
151.857500,35.244722,4.48,3974
151.833333,16.762778,3.52,3975
151.547083,-47.370000,5.08,3976
151.789583,-17.141667,5.60,3977
151.529583,-52.188056,6.52,3978
152.066250,31.604167,6.24,3979
151.976250,9.997500,4.37,3980
151.984583,-0.371667,4.49,3981
152.092917,11.967222,1.35,3982
150.182083,-82.214722,5.52,3983
152.007083,-37.333611,6.36,3984
152.190417,-10.884722,6.53,3985
152.147917,-15.611667,6.27,3986
152.745417,40.661389,6.32,3987
152.485417,-12.095833,6.24,3988
152.531250,-8.408333,5.91,3989
152.234583,-51.811111,4.86,3990
152.524583,-12.816111,5.31,3991
152.382500,-35.856667,6.13,3992
152.803333,37.401944,5.85,3993
152.647083,-12.354167,3.61,3994
152.177500,-65.815278,5.28,3995
152.732500,-8.418333,5.65,3996
151.031667,-81.565833,6.60,3997
152.909167,13.355000,6.44,3998
152.341250,-61.549167,5.60,3999
152.824167,-7.316667,6.25,4000
152.657917,-41.715000,5.98,4001
152.377083,-68.683333,5.81,4002
153.012083,-28.606389,6.28,4003
153.201250,4.614722,5.77,4004
153.157500,-19.153611,6.44,4005
153.457500,27.135833,6.04,4006
152.896667,-58.828056,6.40,4007
153.782083,59.985556,6.25,4008
152.943750,-58.060556,5.72,4009
153.095833,-52.163333,6.16,4010
153.330833,-27.028889,6.25,4011
153.623750,21.167778,6.02,4012
153.353333,-33.031944,6.38,4013
153.776250,31.468056,6.46,4014
153.441250,-40.345833,5.90,4015
154.504583,73.073333,6.40,4016
153.345000,-51.233333,5.28,4017
153.255417,-59.918056,6.10,4018
153.485833,-40.310556,6.35,4019
153.366667,-51.756111,5.78,4020
154.460833,71.060556,6.66,4021
153.338333,-61.658889,6.41,4022
153.684167,-42.121944,3.85,4023
154.060000,29.310556,5.35,4024
153.377500,-66.373056,5.16,4025
154.508333,65.108333,5.82,4026
154.117083,28.682500,6.49,4027
154.067083,17.740278,6.55,4028
153.837083,-36.518056,6.19,4029
154.134583,23.503056,5.97,4030
154.172500,23.417222,3.44,4031
154.174583,25.371389,5.84,4032
154.274167,42.914444,3.45,4033
154.037917,-11.203333,6.08,4034
154.169583,13.728333,5.41,4035
153.881250,-43.112500,5.60,4036
153.434167,-70.038056,3.32,4037
153.819167,-54.974167,6.16,4038
154.310833,23.106111,5.82,4039
154.190000,-20.670556,6.57,4040
154.542917,27.415278,6.52,4041
154.407500,-8.068889,5.24,4042
154.012917,-59.903333,6.22,4043
154.745833,46.760833,6.43,4044
154.167500,-51.205000,6.30,4045
154.861667,48.396944,6.00,4046
155.264167,68.747500,5.96,4047
154.752917,24.711667,6.40,4048
154.531667,-28.991944,5.34,4049
154.270833,-61.332222,3.40,4050
155.061667,53.779167,6.45,4051
155.130000,54.216944,6.00,4052
154.657500,-36.804722,6.30,4053
154.933750,19.470833,4.79,4054
154.820000,-12.528056,6.00,4055
154.617500,-41.668333,5.96,4056
154.992917,19.841667,2.61,4057
154.994167,19.840556,3.80,4058
154.884167,-5.105833,6.37,4059
154.997500,-9.058889,6.32,4060
154.656667,-56.110000,5.81,4061
157.422917,84.252222,5.50,4062
154.903333,-55.029444,4.57,4063
155.258333,2.289722,6.66,4064
154.770000,-64.676389,5.67,4065
155.069583,-47.699167,5.65,4066
155.543750,41.229444,5.76,4067
155.282500,-17.985000,6.51,4068
155.582083,41.499444,3.05,4069
155.459583,14.975556,6.12,4070
155.369583,-23.710833,6.50,4071
156.032917,65.566389,4.97,4072
155.400000,-22.528333,6.51,4073
155.228333,-56.043056,4.50,4074
155.776250,33.908056,5.90,4075
155.553750,-19.866944,6.13,4076
155.751667,6.542500,6.07,4077
155.924167,29.615833,6.39,4078
155.810833,5.694167,6.54,4079
155.581667,-41.650000,4.83,4080
156.035833,33.718611,5.50,4081
155.860417,-4.074167,5.97,4082
155.804583,-30.162222,6.27,4083
157.769167,82.558611,5.26,4084
156.054583,2.368056,6.32,4085
155.872083,-38.010000,5.33,4086
155.918333,-41.953333,6.27,4087
156.313333,8.784722,5.61,4088
155.742083,-66.901667,4.99,4089
156.478750,33.796111,4.74,4090
155.962083,-57.953889,6.35,4091
156.434583,-7.059722,5.57,4092
156.321667,-42.468056,6.18,4093
156.522500,-16.836389,3.81,4094
156.247500,-58.576389,5.95,4095
156.866667,41.600833,6.02,4096
156.752083,19.364444,6.15,4097
157.015833,48.784722,6.44,4098
156.539583,-42.738889,6.13,4099
156.970833,36.707222,4.21,4100
156.912500,9.762500,6.04,4101
156.098750,-74.031667,4.00,4102
157.152083,45.212222,6.35,4103
156.787917,-31.067778,4.25,4104
156.184583,-73.971667,6.19,4105
157.476250,65.626111,6.32,4106
156.704167,-54.877500,5.58,4107
157.610833,64.257500,6.12,4108
157.183333,-3.742500,6.05,4109
156.851667,-57.638889,4.66,4110
157.007917,-49.405556,6.10,4111
157.656667,55.980556,4.84,4112
157.526667,38.925278,5.77,4113
156.969583,-58.739444,3.82,4114
156.855417,-65.704722,6.01,4115
157.369583,-2.739167,5.21,4116
157.370833,-29.663611,5.58,4117
157.397500,-30.607222,5.56,4118
157.572917,-0.636944,5.09,4119
157.219167,-64.172222,5.29,4120
159.007083,80.494444,6.52,4121
157.744583,-7.637500,6.20,4122
157.749167,-13.588333,5.58,4123
157.964167,32.379444,5.90,4124
157.714167,-26.483889,6.51,4125
158.772917,75.713056,4.84,4126
158.049167,14.137222,5.46,4127
157.663333,-61.356111,6.43,4128
157.536250,-66.985000,6.19,4129
157.952500,-28.237500,6.05,4130
158.431667,53.497500,6.45,4131
158.307917,40.425556,4.75,4132
158.202917,9.306667,3.85,4133
157.840833,-53.715556,4.89,4134
157.989583,-45.066667,5.74,4135
157.985833,-45.069444,6.09,4136
158.378750,34.988611,5.58,4137
157.583750,-71.993056,4.74,4138
158.140000,-44.618889,5.91,4139
158.005833,-61.685278,3.32,4140
158.790417,57.082778,5.16,4141
157.758333,-73.221667,4.93,4142
158.237083,-47.003333,5.02,4143
158.198333,-58.666944,6.00,4144
158.503750,-23.745278,5.08,4145
158.700000,6.953611,5.08,4146
158.355417,-58.190278,6.14,4147
158.759167,8.650278,5.67,4148
158.740417,-23.176111,6.10,4149
159.089167,36.326944,6.28,4150
158.553750,-60.987778,6.23,4151
158.912083,-18.569167,6.49,4152
158.803750,-39.562778,5.38,4153
158.793750,-43.664722,6.08,4154
159.072500,-10.583333,6.57,4155
159.069583,-16.344444,6.03,4156
159.019167,-26.675000,6.29,4157
159.135000,-12.230278,5.70,4158
158.897083,-57.557778,4.45,4159
159.298333,-11.748611,6.52,4160
157.962500,-81.921111,7.07,4161
159.307083,-27.412500,4.89,4162
159.388333,-13.384444,4.82,4163
159.084583,-59.564722,5.08,4164
159.773750,53.668333,5.52,4165
159.680000,31.976111,4.71,4166
159.325417,-48.225833,3.84,4167
159.781667,37.910000,5.85,4168
159.361667,-58.733333,5.45,4169
158.853333,-76.309167,6.30,4170
159.645833,-16.876667,4.91,4171
159.710000,-12.443611,6.04,4172
159.510417,-57.256389,5.91,4173
158.867083,-78.607778,4.11,4174
159.709583,-42.753611,6.11,4175
160.451250,68.443333,5.75,4176
159.687917,-59.183056,4.66,4177
160.485833,65.716389,5.12,4178
159.747500,-58.816944,5.92,4179
159.826667,-55.603333,4.28,4180
160.767083,69.076111,5.00,4181
160.350833,-1.741667,6.26,4182
160.215000,-35.741667,6.37,4183
160.547083,31.696944,6.02,4184
160.047083,-65.100556,5.52,4185
159.819167,-74.493611,6.07,4186
160.930417,57.199167,5.80,4187
160.323333,-59.676944,6.42,4188
160.757500,26.325556,5.51,4189
160.630417,-13.975000,6.24,4190
160.887083,46.203889,5.18,4191
160.854167,23.188333,5.08,4192
160.837083,4.747778,5.79,4193
160.680000,-32.715833,5.64,4194
161.266667,67.411389,6.00,4195
160.558333,-64.466389,4.82,4196
161.060417,19.758611,6.27,4197
160.669167,-59.215833,5.38,4198
160.739167,-64.394444,2.76,4199
160.883750,-60.566667,4.57,4200
161.289167,2.488056,6.28,4201
161.593750,57.365833,6.34,4202
161.466250,30.682222,5.24,4203
160.963333,-64.248889,5.77,4204
161.028750,-63.961111,4.82,4205
160.463750,-79.783333,5.97,4206
161.523750,6.373056,6.37,4207
161.602083,18.891389,5.49,4208
161.605417,14.194722,5.48,4209
161.265000,-59.684167,6.21,4210
161.080833,-70.860000,6.26,4211
161.133750,-70.855000,6.46,4212
161.110417,-72.443889,6.27,4213
161.716667,-17.296667,5.42,4214
162.208333,65.132222,6.39,4215
161.692500,-49.420000,2.69,4216
161.570000,-60.603333,6.25,4217
161.908333,-15.261944,6.67,4218
161.568750,-64.515000,5.34,4219
161.623750,-64.263333,5.23,4220
161.739583,-56.757222,5.23,4221
161.713333,-64.383333,4.85,4222
162.238333,29.415833,6.15,4223
162.169167,-1.958889,5.93,4224
162.059167,-31.688333,5.88,4225
161.911250,-57.467778,6.36,4226
162.314167,10.545278,5.34,4227
162.022500,-59.919167,6.00,4228
162.322083,-4.024167,6.61,4229
162.473750,27.973889,6.04,4230
161.315417,-80.469722,5.47,4231
162.406250,-16.193611,3.11,4232
162.431250,-9.852778,5.86,4233
161.445000,-80.540278,4.45,4234
162.796250,56.582222,5.67,4235
162.848750,59.320000,5.58,4236
162.575417,-8.897778,5.79,4237
162.487500,-34.058056,5.61,4238
162.350417,-59.323611,5.91,4239
162.772500,-3.092500,5.95,4240
163.128333,52.565278,6.65,4241
163.132917,52.503611,6.44,4242
163.377917,69.853889,5.93,4243
163.057083,1.025278,6.38,4244
163.150417,-0.201389,6.31,4245
163.393750,54.585000,5.10,4246
163.327917,34.215000,3.83,4247
163.494583,43.190000,4.71,4248
163.353750,-2.255278,6.12,4249
163.128750,-57.240556,5.25,4250
163.372917,-20.138889,5.24,4251
163.387083,-15.445556,6.38,4252
163.432083,-2.129167,5.45,4253
163.675833,25.490833,6.20,4254
163.574167,-13.758056,5.66,4255
163.742500,34.034722,5.72,4256
163.373333,-58.853333,3.78,4257
163.935000,33.506944,5.03,4258
163.903333,24.749722,4.50,4259
163.905417,24.748889,6.30,4260
163.798333,-20.665000,6.44,4261
163.425000,-70.720278,5.99,4262
163.754167,-42.251111,6.11,4263
164.060417,42.008333,6.03,4264
163.926667,0.736944,5.91,4265
163.623333,-61.826667,5.93,4266
164.006250,6.185278,5.81,4267
163.114583,-79.559444,6.33,4268
164.070417,22.351667,6.14,4269
164.143333,25.500000,6.35,4270
163.821667,-60.516944,5.92,4271
164.986667,77.770000,6.20,4272
164.179583,-37.137778,4.60,4273
164.282917,-50.765000,5.91,4274
164.824583,51.882222,6.17,4275
164.451667,-59.731944,6.11,4276
164.866667,40.430278,5.05,4277
164.886667,36.093056,6.00,4278
164.315417,-75.099722,6.13,4279
165.061250,45.526111,5.47,4280
164.921250,11.705833,6.55,4281
164.807917,-33.737222,5.71,4282
165.106667,51.501944,6.43,4283
164.878750,-16.353889,5.89,4284
165.085833,42.911389,6.02,4285
165.274167,63.421111,6.39,4286
164.943750,-18.298889,4.08,4287
165.210000,39.212222,5.08,4288
165.048333,-14.083333,5.88,4289
164.808333,-61.320278,6.16,4290
165.140000,3.617500,4.84,4291
164.997500,-43.807222,5.81,4292
165.038750,-42.225833,4.39,4293
165.186667,6.101389,4.99,4294
165.460417,56.382500,2.37,4295
165.035833,-51.817778,6.15,4296
165.238333,-15.792778,6.34,4297
165.170000,-31.839444,6.07,4298
165.457083,-2.484722,4.74,4299
165.582500,20.179722,4.42,4300
165.932083,61.750833,1.79,4301
165.601667,-26.831389,6.23,4302
165.810833,-0.752500,6.14,4303
164.803750,-81.556111,6.71,4304
165.812083,-11.303611,5.50,4305
165.902500,-0.000833,5.95,4306
165.817083,-31.960833,6.46,4307
165.902083,-13.434444,6.34,4308
166.130000,38.241389,6.00,4309
166.254167,7.336111,4.63,4310
166.130000,-47.679167,5.67,4311
164.807500,-84.593889,6.19,4312
166.225833,-35.804722,5.43,4313
166.332917,-27.293611,4.94,4314
166.391667,-11.088889,6.09,4315
166.267500,-49.392500,6.13,4316
166.490000,-27.287778,5.71,4317
166.524167,-51.212500,6.30,4318
166.725833,1.955556,5.52,4319
166.661250,-28.727778,6.77,4320
166.614167,-50.956667,6.32,4321
166.915417,23.323611,6.46,4322
166.622083,-58.675278,6.02,4323
166.785000,-32.587222,6.59,4324
166.635000,-62.424167,4.61,4325
166.600833,-64.839722,6.41,4326
166.819167,-42.638611,5.15,4327
166.976667,-30.174722,6.54,4328
166.707917,-70.878056,5.57,4329
167.416250,67.210278,6.06,4330
167.065833,-29.972778,6.49,4331
167.204583,24.658333,5.68,4332
167.329583,36.309444,5.74,4333
167.182917,-28.080556,5.44,4334
167.415833,44.498611,3.01,4335
167.410417,43.207500,5.89,4336
167.147500,-58.975000,3.91,4337
167.141667,-61.947222,5.13,4338
167.472500,-32.367500,5.81,4339
168.045833,68.271944,6.40,4340
167.932083,14.400278,6.30,4341
167.727917,-58.455278,6.88,4342
167.914583,-22.825833,4.48,4343
168.185417,54.894167,6.63,4344
168.134167,35.813611,6.41,4345
168.061667,-32.433889,6.38,4346
168.126667,-18.500000,6.13,4347
168.144167,-21.749167,6.40,4348
167.872917,-71.436389,6.35,4349
168.137917,-49.101111,5.36,4350
168.417500,41.088611,6.33,4351
168.150000,-60.317500,4.60,4352
168.237083,-49.736389,6.11,4353
168.311250,-44.372222,5.80,4354
168.188333,-64.169722,5.23,4355
168.440000,-0.069722,5.42,4356
168.527083,20.523611,2.56,4357
168.507500,8.060556,5.79,4358
168.560000,15.429444,3.34,4359
168.413750,-53.231667,5.76,4360
168.378333,-59.619444,5.74,4361
168.800833,23.095556,4.63,4362
169.016667,52.773056,6.50,4363
168.725000,-43.734167,6.21,4364
168.966250,13.307500,5.32,4365
168.990833,12.844722,6.67,4366
169.174583,49.476389,5.88,4367
169.165417,-3.651667,4.47,4368
169.242500,-7.134722,6.14,4369
169.115417,-45.880000,6.31,4370
169.322500,2.010556,5.18,4371
169.299167,-38.014444,6.27,4372
169.413333,-34.737222,6.45,4373
169.545417,31.529167,4.87,4374
169.545833,31.529167,4.41,4375
169.429167,-36.534444,6.68,4376
169.619583,33.094167,3.48,4377
169.587500,11.984722,6.66,4378
169.329167,-67.823611,6.06,4379
169.782917,38.185556,4.78,4380
169.729167,1.650556,5.91,4381
169.835417,-14.778611,3.56,4382
170.224167,67.100556,6.21,4383
169.818750,-64.582500,5.99,4384
169.642917,-79.668611,6.35,4385
170.284167,6.029444,4.05,4386
169.901250,-75.142500,6.27,4387
170.455417,57.075000,6.43,4388
170.016250,-71.994444,6.41,4389
170.251667,-54.491111,3.89,4390
170.713750,64.330556,6.02,4391
170.706667,43.482778,4.99,4392
170.596250,-44.645833,6.12,4393
170.825000,0.131667,6.05,4394
170.841250,-18.780000,5.09,4395
170.802917,-36.164722,5.00,4396
170.487917,-77.608333,6.43,4397
170.783750,-56.779444,5.79,4398
170.981250,10.529167,3.94,4399
171.009583,1.407778,5.39,4400
170.840833,-64.955000,5.11,4401
171.152500,-10.859444,4.83,4402
171.092083,-42.669167,6.12,4403
171.245417,11.430278,5.80,4404
171.220417,-17.683889,4.08,4405
171.046250,-72.256667,5.59,4406
171.487917,55.850556,5.75,4407
171.401667,16.456389,5.57,4408
171.372500,-36.063056,5.22,4409
171.458333,3.860000,6.37,4410
171.387917,-37.747778,5.89,4411
171.606250,33.450556,6.32,4412
171.430000,-63.972778,5.17,4413
171.688750,3.013056,6.50,4414
171.647083,-61.115278,5.30,4415
171.789583,-12.356667,5.94,4416
171.697083,-53.160000,5.81,4417
171.984167,2.856111,4.95,4418
171.973750,-1.700000,6.25,4419
171.993750,-35.328611,6.45,4420
172.269167,61.778333,5.83,4421
172.267500,39.336944,5.31,4422
172.146250,-42.674167,5.08,4423
172.431250,56.737500,6.28,4424
172.075833,-72.474444,6.09,4425
172.424583,15.413333,5.74,4426
172.553750,54.361667,6.41,4427
172.410833,-24.463333,5.76,4428
172.960000,81.127222,6.15,4429
172.604167,46.657500,6.35,4430
172.629583,43.173333,5.94,4431
172.578750,-3.003611,4.77,4432
172.620833,18.409722,5.52,4433
172.850833,69.331111,3.84,4434
172.720417,47.929167,6.42,4435
172.792500,48.789167,6.56,4436
172.937083,14.364444,6.20,4437
172.812500,-61.278333,6.38,4438
173.086667,61.082500,5.48,4439
172.948333,-20.776667,6.24,4440
172.942083,-59.442222,5.13,4441
172.953333,-59.515833,5.15,4442
173.067083,-29.263333,5.81,4443
173.067917,-29.261111,5.64,4444
173.097083,-26.746667,6.16,4445
173.197917,-7.827500,5.95,4446
173.200417,-40.436389,5.64,4447
173.082917,-66.962222,5.90,4448
173.225417,-31.087222,5.04,4449
173.250417,-31.857778,3.54,4450
173.310833,-16.280556,6.05,4451
173.484583,36.815556,6.40,4452
173.405417,-40.586944,5.39,4453
173.541667,11.023611,6.55,4454
173.591667,3.060000,5.77,4455
173.677083,16.796944,5.95,4456
173.770417,54.785278,5.63,4457
173.622917,-32.831389,5.98,4458
173.765833,20.441389,6.45,4459
173.690417,-54.264167,4.62,4460
174.011667,69.322778,5.20,4461
173.736667,-49.136667,5.50,4462
173.805000,-47.372500,5.71,4463
173.930833,10.911111,6.56,4464
174.074583,27.781111,5.80,4465
173.981667,-47.641667,5.25,4466
173.945000,-63.019722,3.13,4467
174.170417,-9.802222,4.70,4468
174.145833,-33.570000,5.74,4469
174.170000,-37.237778,6.31,4470
174.237083,-0.823889,4.30,4471
174.092917,-61.052222,5.83,4472
174.255000,-32.988056,6.29,4473
174.470833,50.618333,6.14,4474
174.252500,-61.283333,5.15,4475
174.391250,-47.747222,5.44,4476
174.585833,43.625556,5.59,4477
174.540833,8.884167,6.17,4478
174.315000,-75.896667,5.65,4479
174.639583,46.834167,6.10,4480
174.705000,64.346944,6.46,4481
174.634167,33.625556,6.27,4482
174.615000,8.134167,5.36,4483
174.600417,-2.436111,6.22,4484
174.451667,-67.620278,5.96,4485
174.687083,45.108611,6.44,4486
174.530417,-61.826389,5.15,4487
174.667083,-13.201944,5.48,4488
174.751667,-24.721111,6.42,4489
174.962917,-14.468611,6.21,4490
174.960000,-16.620278,6.19,4491
174.872500,-65.397778,5.17,4492
175.114167,57.970556,6.37,4493
175.053333,-34.744722,4.70,4494
175.196250,21.352778,5.26,4495
175.262500,34.201667,5.33,4496
175.177500,-53.968611,5.96,4497
175.285000,-29.196389,6.44,4498
175.223333,-62.090000,4.94,4499
175.431667,55.172500,6.27,4500
175.392917,31.746111,5.73,4501
175.332500,-43.095833,5.55,4502
175.433333,-32.499722,5.22,4503
175.618333,66.745000,5.30,4504
175.521667,22.210833,6.59,4505
175.514583,-20.293889,6.22,4506
175.255000,-83.100000,6.33,4507
175.863333,-37.190278,5.98,4508
175.730833,-79.306389,6.39,4509
175.979583,-6.677222,6.07,4510
175.880000,-62.489444,5.03,4511
176.055000,25.218333,6.02,4512
175.970417,-62.878333,6.10,4513
176.190833,-18.350833,4.73,4514
176.321250,8.258333,4.85,4515
176.302500,-49.069722,6.26,4516
176.465000,6.529444,4.03,4517
176.512500,47.779444,3.71,4518
176.432917,-45.690000,5.29,4519
176.401667,-66.728611,3.64,4520
176.731667,55.628333,5.27,4521
176.628333,-61.178333,4.11,4522
176.629583,-40.500556,4.91,4523
176.779167,-35.906944,6.17,4524
176.815417,-30.286944,6.48,4525
176.829583,-57.696389,5.41,4526
176.996250,20.218889,4.53,4527
176.978750,8.245833,5.32,4528
177.097917,-10.313333,6.26,4529
177.059583,-66.814722,4.72,4530
177.161250,14.284167,5.88,4531
177.187917,-26.749722,5.11,4532
177.255000,-0.318611,6.15,4533
177.265000,14.571944,2.14,4534
177.312083,16.242778,6.04,4535
177.423750,34.931667,5.70,4536
177.421250,-63.788333,4.32,4537
177.485833,-70.225833,4.97,4538
177.581250,-15.863889,6.13,4539
177.673750,1.764722,3.61,4540
177.613333,-62.649444,5.70,4541
177.654583,-27.277778,6.48,4542
177.730417,12.278889,6.35,4543
177.759167,-5.333333,5.64,4544
177.789167,33.375000,6.27,4545
177.786250,-45.173611,4.46,4546
177.841250,-12.187778,6.35,4547
177.923333,-30.835000,5.85,4548
177.963333,-65.206111,4.90,4549
178.245000,37.718611,6.45,4550
178.042083,-56.987778,5.57,4551
178.227500,-33.908056,4.28,4552
178.361667,-35.066667,6.17,4553
178.457500,53.694722,2.44,4554
178.459583,0.551944,6.30,4555
178.547917,-57.410000,6.06,4556
178.607500,-37.748889,6.46,4557
178.677083,-25.713889,5.30,4558
178.762917,8.443889,5.58,4559
178.773750,46.476944,6.54,4560
178.796667,46.469722,7.03,4561
178.808750,36.756389,6.49,4562
178.749167,-63.278889,5.91,4563
178.918750,15.646667,5.53,4564
178.917083,-28.476944,5.93,4565
178.993333,56.598611,5.84,4566
179.003750,-17.150833,5.18,4567
178.977917,-39.689167,6.13,4568
179.221667,61.549167,6.22,4569
179.182917,-47.072500,6.26,4570
179.265417,-33.315278,6.21,4571
179.310833,40.343611,6.62,4572
179.417083,-62.448889,5.57,4573
179.530000,32.273889,6.42,4574
179.585833,61.464722,6.76,4575
179.563333,-56.317222,5.44,4576
179.584583,-40.947222,6.79,4577
179.698750,-64.339167,5.61,4578
179.726667,-25.908889,6.43,4579
179.764167,0.530556,6.17,4580
179.823333,33.167500,5.96,4581
179.795417,-51.696667,6.05,4582
179.905417,-78.221944,4.91,4583
179.988333,34.035000,6.50,4584
179.987083,3.655278,5.37,4585
180.077500,80.853056,6.17,4586
180.185417,-10.446111,5.55,4587
180.177083,-21.837222,6.28,4588
180.218333,6.614167,4.66,4589
180.213333,-19.658889,5.26,4590
180.257500,-1.768056,6.31,4591
180.370833,-57.503611,6.16,4592
180.414583,36.041944,5.59,4593
180.528333,43.045556,5.21,4594
180.583750,-85.631667,6.05,4595
180.619167,-71.488889,6.42,4596
180.657083,-69.192222,5.89,4597
180.715000,-7.683611,6.22,4598
180.756250,-63.312778,4.33,4599
180.915000,-42.434167,5.15,4600
180.934583,-74.213889,6.44,4601
181.069167,21.459167,5.87,4602
181.080000,-63.165556,4.72,4603
181.161250,-68.329167,5.35,4604
181.193750,-76.519167,5.04,4605
181.117083,85.587222,6.27,4606
181.237917,-60.969167,5.96,4607
181.302083,8.733056,4.12,4608
181.312917,76.905833,5.80,4609
181.415417,62.933056,6.13,4610
181.471667,-65.547222,6.33,4611
181.486250,-35.693889,6.23,4612
181.499167,-3.131667,6.37,4613
181.582500,-68.650833,6.23,4614
181.596250,-65.709167,6.06,4615
181.720417,-64.613611,4.15,4616
181.957500,-75.366944,5.18,4617
182.021667,-50.661389,4.47,4618
182.020000,-50.763333,6.37,4619
182.061250,-48.692778,5.34,4620
182.089583,-50.722500,2.60,4621
182.102500,-60.847222,6.22,4622
182.103333,-24.728889,4.02,4623
182.224167,-44.326111,5.75,4624
182.227083,-41.231389,5.48,4625
182.422083,1.897778,5.95,4626
182.447083,74.661389,6.35,4627
182.510417,-34.705000,6.17,4628
182.514167,5.806944,5.72,4629
182.531250,-22.619722,3.00,4630
182.640833,-37.870278,6.06,4631
182.631667,16.809167,6.39,4632
182.692083,27.281389,6.01,4633
182.770417,-61.277500,6.08,4634
182.766250,-23.602500,5.46,4635
182.762083,-45.422778,6.61,4636
182.880833,-51.359444,6.23,4637
182.912917,-52.368611,3.96,4638
182.750000,81.710000,6.00,4639
182.963333,25.870278,5.66,4640
182.937083,57.054444,6.43,4641
183.005000,28.536111,6.49,4642
183.038750,20.541944,5.57,4643
183.091667,-62.950833,5.92,4644
183.195000,-70.151944,6.17,4645
183.049583,77.616389,5.14,4646
183.304167,-34.125556,6.50,4647
183.355417,-38.929167,5.76,4648
183.482083,-78.573611,6.35,4649
183.357917,10.262222,5.85,4650
183.402917,-33.792778,6.33,4651
183.510833,-45.723889,5.31,4652
183.570000,-64.408611,6.22,4653
183.680833,53.434722,6.16,4654
183.748333,-20.844167,5.83,4655
183.786250,-58.748889,2.80,4656
183.794167,-10.312500,6.11,4657
183.877083,-41.913056,6.26,4658
183.785417,70.200000,5.71,4659
183.856667,57.032500,3.31,4660
183.945833,-23.353611,6.54,4661
183.951667,-17.541944,2.59,4662
184.000833,14.898889,5.10,4663
184.097917,-72.614722,6.22,4664
183.922500,72.550833,6.29,4665
184.031667,40.660278,5.66,4666
184.085417,23.945278,4.95,4667
184.125417,33.061389,5.00,4668
184.275000,-65.692778,6.06,4669
184.263750,-16.693611,6.05,4670
184.392083,-67.960833,4.11,4671
184.372917,53.191111,5.81,4672
184.377083,28.937222,5.70,4673
184.586250,-79.312222,4.26,4674
184.447083,-36.093889,6.15,4675
184.434583,15.144167,6.34,4676
184.537917,-3.954444,6.99,4677
184.540000,-3.948611,6.54,4678
184.608750,-64.003056,4.04,4679
184.631667,30.249167,6.23,4680
184.667917,-0.787222,5.90,4681
184.748750,-55.143056,5.00,4682
184.214167,86.436111,6.33,4683
184.758750,26.007778,6.48,4684
184.829583,23.034722,6.27,4685
183.834583,87.700000,6.28,4686
184.707917,75.160556,5.38,4687
184.873333,28.156944,6.33,4688
184.976667,-0.666944,3.89,4689
184.952917,48.984167,5.29,4690
185.044583,-22.175556,5.97,4691
185.116667,-65.842778,6.21,4692
185.082083,26.619444,5.54,4693
185.073750,26.001944,6.15,4694
185.087500,3.312500,4.96,4695
185.140417,-22.215833,5.21,4696
185.179167,17.792778,4.74,4697
185.172083,27.054722,7.13,4698
185.232083,-13.565556,5.14,4699
185.340000,-60.401111,3.59,4700
185.211667,57.863889,5.55,4701
185.489583,-56.374722,5.92,4702
185.530417,-67.521944,5.15,4703
185.549583,-68.307500,5.74,4704
185.545000,24.773889,6.19,4705
185.705417,-57.676111,5.39,4706
185.626250,25.846111,4.81,4707
185.633333,5.305556,6.40,4708
186.406250,-86.150556,6.33,4709
185.807500,-67.631667,6.36,4710
185.840000,-24.840556,5.68,4711
185.897500,-35.412778,5.32,4712
185.903750,-39.303056,6.40,4713
185.937083,-38.911111,5.79,4714
185.945833,42.542778,6.06,4715
186.006250,51.562222,4.80,4716
186.077083,26.098611,5.18,4717
186.186250,-41.384167,6.25,4718
186.111250,25.582778,6.42,4719
186.322083,-65.770556,6.30,4720
186.285417,-42.514444,6.11,4721
186.298750,-11.610278,5.95,4722
186.326667,-27.749167,6.09,4723
186.340833,-35.186389,5.73,4724
186.312917,23.926111,6.03,4725
186.263333,56.777500,5.81,4726
186.276667,63.802778,6.32,4727
186.462083,39.018611,5.02,4728
186.628750,-63.122500,4.86,4729
186.649583,-63.099167,1.33,4730
186.652083,-63.099444,1.73,4731
186.631667,-51.450833,4.82,4732
186.600417,27.268333,4.95,4733
186.700833,-48.913333,6.26,4734
186.715417,-32.830000,5.55,4735
186.852500,-63.789167,6.00,4736
186.734583,28.268333,4.36,4737
186.747083,26.825556,5.00,4738
186.869583,-58.991944,5.50,4739
186.600833,71.929722,6.24,4740
186.925417,8.610278,6.37,4741
186.955833,-16.631944,6.35,4742
187.010000,-50.230556,3.91,4743
187.078750,-64.341389,6.04,4744
186.896250,55.712778,5.70,4745
186.965000,-4.615278,6.22,4746
187.106250,-61.795278,6.22,4747
187.093750,-39.041389,5.44,4748
187.139167,-56.407778,6.15,4749
187.158750,26.226667,6.54,4750
187.185833,25.899167,6.65,4751
187.227917,25.912778,5.29,4752
187.362083,24.108889,5.48,4753
187.474583,-56.524722,5.80,4754
187.491250,-41.736111,6.02,4755
187.430000,20.896111,5.69,4756
187.466250,-16.515556,2.95,4757
187.520000,-13.393056,6.35,4758
187.572917,-23.696667,5.63,4759
187.488750,58.405833,5.35,4760
187.512083,51.535556,6.21,4761
187.517917,58.767500,6.08,4762
187.791250,-57.113333,1.63,4763
187.819583,-57.081111,6.42,4764
187.527917,69.201111,4.95,4765
187.752500,24.567222,5.46,4766
187.708750,53.076667,6.21,4767
187.917917,-59.423889,5.48,4768
188.041667,-73.001667,5.88,4769
187.839167,7.604167,6.05,4770
187.982500,-63.506111,5.95,4771
187.911250,-5.052500,6.19,4772
188.116667,-72.133056,3.87,4773
188.018750,-32.533611,6.46,4774
188.017500,-16.196111,4.31,4775
188.150000,-13.859167,5.74,4776
188.262083,10.295556,6.26,4777
188.343333,-19.791944,6.26,4778
188.392917,-12.830278,5.58,4779
188.392500,24.283056,6.29,4780
188.445000,-9.451944,5.48,4781
188.496667,-49.909444,6.38,4782
188.412083,33.247500,5.42,4783
188.447500,33.384722,6.24,4784
188.435417,41.357500,4.26,4785
188.596667,-23.396667,2.65,4786
188.370833,69.788333,3.87,4787
188.676250,-44.673333,5.77,4788
188.712917,22.629167,4.81,4789
188.870833,-61.841944,6.22,4790
188.776250,18.377222,6.56,4791
188.782500,18.376944,5.02,4792
188.783750,21.881389,5.85,4793
188.939583,-41.021944,5.13,4794
188.683333,70.021944,4.94,4795
189.005000,-39.870000,5.80,4796
188.994167,-20.527222,6.20,4797
189.295833,-69.135556,2.69,4798
189.197500,-5.831944,5.87,4799
189.097083,59.486944,5.50,4800
189.242917,17.089444,5.68,4801
189.425833,-48.541111,3.86,4802
189.425833,-27.138889,5.45,4803
189.810417,-75.369444,6.49,4804
189.518333,3.282500,6.33,4805
189.718750,-67.193056,6.25,4806
189.593333,1.854722,5.71,4807
189.625000,6.988333,7.08,4808
189.685833,-18.250278,6.00,4809
189.764583,-30.422222,5.89,4810
189.692917,40.874444,6.37,4811
189.758750,22.659444,6.38,4812
189.811667,-7.995556,4.66,4813
189.981667,-66.511667,6.26,4814
189.780417,21.062500,5.46,4815
189.820417,35.951944,6.45,4816
189.968750,-39.987500,4.64,4817
190.345833,-46.145556,5.84,4818
190.379167,-48.959722,2.17,4819
190.521250,-69.407500,6.33,4820
190.316667,-13.013611,6.08,4821
190.317500,-13.015000,5.98,4822
190.485833,-59.685833,4.93,4823
190.393333,10.426389,6.19,4824
190.415000,-1.449444,3.65,4825
190.415000,-1.449444,3.68,4826
190.455000,-19.758611,6.03,4827
190.471250,10.235556,4.88,4828
190.487917,6.806667,5.59,4829
190.709583,-63.058611,5.31,4830
190.647500,-48.813056,4.66,4831
190.706667,-55.947222,6.08,4832
190.391250,62.713056,6.07,4833
190.787917,-56.176111,6.00,4834
190.867500,-58.903056,6.40,4835
190.859583,-40.177778,6.44,4836
190.908750,-1.576944,5.93,4837
190.994583,-36.349167,6.39,4838
191.002083,-28.323889,5.48,4839
190.767500,61.155556,6.38,4840
191.257083,-68.831111,6.16,4841
191.407917,-60.981111,4.69,4842
191.112917,44.103056,6.33,4843
191.570417,-68.108056,3.05,4844
191.247917,39.278889,5.95,4845
191.282500,45.440278,4.99,4846
191.404583,7.673333,5.22,4847
191.594583,-56.488889,4.65,4848
191.593750,9.540000,5.67,4849
191.691667,-33.315556,5.86,4850
191.661250,16.577500,5.12,4851
191.108333,80.621111,6.40,4852
191.930000,-59.688611,1.25,4853
191.759583,5.950833,6.34,4854
191.806667,11.958056,6.07,4855
191.889167,-6.301944,6.26,4856
191.973750,-24.851667,6.44,4857
191.964167,3.572778,6.41,4858
191.828750,62.780833,5.89,4859
192.110000,-27.597500,5.66,4860
192.059583,13.553056,6.56,4861
192.437083,-71.986389,5.55,4862
191.893333,66.790278,5.43,4863
192.195833,24.840278,6.31,4864
192.225833,14.122500,5.70,4865
192.174167,48.466944,6.27,4866
192.164167,60.320000,5.85,4867
192.550000,-60.400833,6.75,4868
192.322500,27.552222,5.78,4869
193.744167,-85.123333,5.46,4870
192.581667,-48.459722,6.24,4871
192.741250,-52.787500,5.73,4872
192.572500,22.863333,6.43,4873
192.671667,-33.999444,4.91,4874
192.544583,37.516944,5.89,4875
192.824167,-60.329722,5.72,4876
192.845417,-10.338333,6.41,4877
192.903750,3.056667,6.02,4878
192.986667,-39.680833,5.98,4879
193.022083,-48.094167,6.33,4880
192.991250,-26.738056,6.15,4881
193.102500,-53.829444,6.24,4882
192.924583,27.540556,4.94,4883
193.051250,17.073889,6.32,4884
193.266250,-54.952500,5.93,4885
193.115000,16.122500,6.30,4886
193.340833,-60.328611,5.76,4887
193.278750,-48.943333,4.33,4888
193.359167,-40.178889,4.27,4889
193.454583,-60.376944,5.90,4890
193.296667,-3.553056,6.11,4891
192.277500,83.418056,5.85,4892
192.306667,83.412778,5.28,4893
193.324167,21.245000,4.90,4894
193.591667,-58.430556,6.58,4895
193.408750,-4.223889,6.44,4896
193.663333,-59.146667,4.62,4897
193.648333,-57.177778,4.03,4898
193.653333,-57.168333,5.17,4899
193.457083,12.418611,6.25,4900
193.577917,-11.648611,6.00,4901
193.588333,-9.538889,4.79,4902
193.743750,-44.151944,5.89,4903
193.554583,33.534444,6.26,4904
193.507083,55.959722,1.77,4905
193.830833,-42.915833,5.47,4906
194.131250,-72.185278,5.93,4907
193.987500,-56.836111,5.32,4908
193.735417,47.196667,5.84,4909
193.900833,3.397500,3.38,4910
193.972083,-15.326944,6.17,4911
194.125417,-26.460278,6.62,4912
194.268333,-51.198611,5.16,4913
194.001667,38.314722,5.60,4914
194.007083,38.318333,2.90,4915
193.868750,65.438611,5.24,4916
194.073333,54.099444,5.82,4917
194.388333,-22.753889,6.31,4918
194.282083,46.176944,6.12,4919
194.730833,17.409444,4.78,4920
194.914583,-3.811944,5.79,4921
195.135833,-33.505278,6.02,4922
195.567500,-71.548889,3.62,4923
195.068750,30.785000,4.90,4924
195.149583,-3.368611,5.99,4925
195.161667,18.373056,6.20,4926
194.697083,75.472500,6.01,4927
194.979583,66.597222,5.32,4928
195.290000,17.123056,5.96,4929
195.771667,-71.476111,6.03,4930
195.182500,56.366389,4.93,4931
195.544167,10.959167,2.83,4932
195.888333,-49.527222,4.85,4933
195.445000,63.610278,6.00,4934
195.942083,-20.583056,5.58,4935
195.668333,59.716111,6.53,4936
195.976667,-3.663333,6.59,4937
196.200417,-41.196667,6.26,4938
196.378333,-52.115000,6.43,4939
196.569583,-48.463611,4.71,4940
196.646250,-41.588611,5.59,4941
196.727500,-49.906111,4.27,4942
196.435417,35.798889,5.25,4943
196.850833,-59.860556,5.99,4944
196.467917,45.268611,5.63,4945
196.588333,21.153333,5.99,4946
196.726250,-35.861944,6.54,4947
196.542500,29.029444,6.54,4948
196.594167,22.616111,5.60,4949
196.207083,73.025278,6.31,4950
196.909583,-53.459722,5.71,4951
197.029167,-65.306389,5.51,4952
196.594583,62.041944,6.14,4953
196.794583,27.624722,4.80,4954
196.974167,-10.740278,5.19,4955
196.973333,27.555833,6.19,4956
197.135417,-8.984444,5.55,4957
197.263750,-23.118056,4.95,4958
197.310000,-9.538333,6.32,4959
197.301667,10.022222,5.78,4960
197.438750,-10.329444,5.94,4961
197.449167,16.848611,5.91,4962
197.487500,-5.538889,4.38,4963
197.411250,37.423056,6.02,4964
197.743333,-52.566944,6.06,4965
197.965000,-69.941944,5.91,4966
197.425000,38.533889,6.28,4967
197.497083,17.529444,5.22,4968
197.497083,17.529444,5.22,4969
197.786667,-42.233056,5.79,4970
197.513333,38.498889,5.91,4971
197.971250,-63.302778,6.33,4972
197.846667,-43.368889,5.25,4973
197.459167,62.229167,6.54,4974
198.072500,-59.920833,4.60,4975
198.571667,-78.447222,5.85,4976
198.203750,-66.226944,5.90,4977
197.913333,-26.551667,6.50,4978
198.013333,-37.803056,4.85,4979
198.233333,-59.816667,6.16,4980
198.014583,-16.198611,5.04,4981
198.212083,-42.699722,6.22,4982
197.968333,27.878056,4.26,4983
198.035000,24.258056,6.33,4984
198.347917,-50.700000,5.89,4985
198.137083,11.556111,5.77,4986
198.149583,18.751667,6.53,4987
198.550417,-58.683889,5.89,4988
198.561667,-59.103333,4.92,4989
198.361667,-18.826667,6.28,4990
198.489583,-43.138889,6.16,4991
198.301667,18.726944,6.11,4992
198.812083,-67.894444,4.80,4993
198.857083,-69.679722,6.37,4994
198.545417,-19.930833,5.33,4995
198.679583,-48.956667,5.89,4996
198.429167,40.152778,4.92,4997
198.630417,11.331667,5.67,4998
198.790417,-36.371111,6.19,4999
199.186667,-65.138333,6.07,5000
198.995000,-19.943056,5.22,5001
199.304167,-66.783611,4.87,5002
198.383333,72.798889,6.59,5003
198.883333,40.855278,5.79,5004
199.106250,-1.390556,6.68,5005
199.221250,-31.506111,5.10,5006
199.059583,19.051667,6.45,5007
199.307917,-43.979444,5.84,5008
198.105833,80.471389,6.25,5009
199.134583,19.785278,6.45,5010
199.193750,9.424167,5.22,5011
199.828750,-72.035556,6.04,5012
199.315000,13.675556,5.33,5013
199.374583,-0.676667,6.37,5014
199.401250,5.469722,4.80,5015
199.644167,-51.286111,6.19,5016
199.385417,40.572500,4.73,5017
199.119167,68.408056,6.20,5018
199.601250,-18.311389,4.74,5019
199.730417,-23.171667,3.00,5020
199.712917,3.687778,6.62,5021
199.615833,34.098056,5.82,5022
199.560417,49.681944,5.15,5023
200.145417,-59.773333,6.18,5024
199.767500,35.128056,6.02,5025
200.157500,-52.748056,5.48,5026
200.201250,-55.800556,6.02,5027
200.149167,-36.712222,2.75,5028
200.240417,-46.880556,5.77,5029
200.719167,-72.146667,6.05,5030
200.173333,2.941667,6.26,5031
200.079167,40.150556,5.60,5032
200.374583,-19.488889,6.21,5033
200.648750,-60.972222,6.18,5034
200.657917,-60.988333,4.53,5035
200.567500,-52.183056,5.83,5036
200.423333,2.087222,5.69,5037
200.719583,-47.943056,6.16,5038
200.760833,-48.562778,6.38,5039
200.540417,5.154722,5.87,5040
201.002083,-64.535833,4.53,5041
201.279583,-74.887778,5.05,5042
200.786250,-33.190000,6.22,5043
200.754583,-17.735278,5.37,5044
200.515833,43.903056,6.35,5045
200.967917,-49.823056,6.48,5046
200.828750,-4.924444,5.89,5047
201.307917,-64.485278,5.31,5048
201.458750,-70.627500,5.67,5049
201.138333,-5.163889,5.75,5050
201.826250,-74.691944,6.63,5051
200.975000,37.033889,6.07,5052
201.127083,12.431944,6.44,5053
200.981250,54.925278,2.27,5054
200.985000,54.921667,3.95,5055
201.298333,-11.161389,0.98,5056
201.277917,23.854444,5.78,5057
201.532500,-39.755278,5.09,5058
201.547500,-1.192500,5.97,5059
201.733750,-41.498056,5.69,5060
201.776250,-49.143889,6.31,5061
201.306250,54.988056,4.01,5062
201.836667,-49.380833,6.28,5063
201.680000,-12.707778,5.25,5064
201.811250,-40.163056,6.40,5065
202.193333,-69.628056,6.20,5066
201.569167,46.028056,5.88,5067
201.863333,-15.973611,4.76,5068
202.281667,-64.675833,6.11,5069
201.499583,63.261111,6.50,5070
202.355000,-51.165278,5.06,5071
202.107500,13.778889,4.98,5072
201.533750,72.391389,5.79,5073
201.769167,64.735556,6.66,5074
201.794583,64.719444,7.04,5075
201.997917,52.745833,6.34,5076
202.109167,40.729722,6.47,5077
202.312083,-1.364444,6.43,5078
202.048750,50.587222,6.80,5079
202.428333,-23.281389,4.97,5080
202.304167,10.818333,5.65,5081
203.311667,-77.568333,6.48,5082
202.190417,50.718333,6.43,5083
205.231250,-85.786111,5.58,5084
202.112917,59.945833,5.40,5085
202.500417,7.178889,6.17,5086
202.490000,6.013333,6.51,5087
202.607083,-6.470278,6.09,5088
202.761250,-39.407500,3.88,5089
202.888750,-28.112778,6.47,5090
201.736250,78.643889,5.77,5091
203.022083,-38.399167,6.16,5092
203.398750,-65.632500,6.37,5093
203.011667,-18.728889,6.01,5094
202.991250,-6.255833,4.69,5095
202.815833,42.106111,6.08,5096
203.149583,-28.692778,5.69,5097
203.143750,-29.565278,6.45,5098
203.215417,-15.363056,5.55,5099
203.242083,-10.165000,5.21,5100
203.252917,-7.195000,6.68,5101
203.200417,24.346389,6.11,5102
203.620417,-48.272222,6.33,5103
203.681667,-33.310833,6.44,5104
203.532917,3.658889,4.94,5105
203.668750,-13.214444,5.91,5106
203.673333,-0.595833,3.37,5107
203.590833,38.789167,6.37,5108
203.530417,55.348611,5.60,5109
203.699167,37.182500,4.98,5110
203.880417,-5.396111,5.73,5111
203.613750,49.016111,4.70,5112
204.300833,-61.691944,5.63,5113
203.888750,10.204722,6.49,5114
204.799583,-75.683889,6.34,5115
203.808750,44.196944,6.84,5116
204.210417,-34.467778,6.50,5117
204.275000,-44.143333,5.98,5118
204.690417,-70.445000,6.10,5119
204.201667,-26.495000,5.78,5120
204.348750,-46.428333,5.90,5121
204.531667,-58.415000,6.42,5122
204.246250,24.613333,5.74,5123
204.704583,-57.623056,6.01,5124
205.002500,-70.788333,6.59,5125
204.165833,49.486667,6.49,5126
204.365000,36.295000,4.82,5127
204.675000,-29.560833,5.83,5128
204.532917,14.301667,6.52,5129
205.045417,-64.576944,5.79,5130
203.678333,76.546667,6.57,5131
204.971667,-53.466389,2.30,5132
204.429167,50.714722,6.48,5133
204.998750,-49.950278,6.00,5134
204.920000,-39.748056,6.27,5135
204.952500,-40.051944,5.60,5136
204.759583,18.265278,6.48,5137
204.894167,10.746111,5.57,5138
204.295833,71.242222,5.50,5139
205.504583,-58.787222,5.38,5140
205.436250,-54.560000,5.01,5141
204.876667,52.921389,5.46,5142
205.065000,31.011944,6.21,5143
205.168750,19.955556,5.75,5144
205.162917,28.065278,6.23,5145
205.378750,-23.449722,6.59,5146
205.440417,-33.596944,6.05,5147
205.096667,50.519444,6.32,5148
205.259583,22.495833,5.62,5149
205.403333,-8.703056,5.01,5150
205.733750,-56.768056,6.00,5151
205.727500,-50.790556,6.41,5152
205.088750,57.207500,6.29,5153
205.184583,54.681667,4.66,5154
205.729167,-41.401111,5.98,5155
205.552917,8.388333,6.16,5156
205.916667,-42.067500,5.98,5157
206.066250,-51.013056,6.47,5158
205.765417,3.538056,5.36,5159
205.620000,41.674167,6.30,5160
205.680833,34.988889,5.98,5161
205.374583,64.822500,5.85,5162
205.976250,-5.498889,6.51,5163
205.938333,22.700278,6.13,5164
206.124167,-16.179167,5.60,5165
206.190417,-25.500833,6.21,5166
206.403750,-26.116111,5.81,5167
206.421667,-33.043889,4.23,5168
205.977917,52.064444,6.02,5169
206.396250,-15.767500,6.19,5170
206.794583,-62.590000,6.51,5171
206.663750,-51.432778,4.65,5172
206.484583,-12.426667,5.51,5173
206.735000,-36.251944,5.15,5174
206.865000,-50.249444,5.91,5175
206.910000,-50.321111,5.45,5176
206.305000,55.879444,6.50,5177
206.806250,-9.709167,6.05,5178
206.556250,41.088611,5.87,5179
206.579167,38.503889,5.94,5180
206.855833,-17.860000,5.43,5181
206.680417,25.702222,5.95,5182
206.737917,6.350556,6.33,5183
205.663750,78.064444,5.91,5184
206.815417,17.456667,4.50,5185
206.749167,38.542778,5.50,5186
206.648750,54.432778,5.70,5187
208.911250,-82.666111,5.95,5188
207.229583,-35.703889,6.53,5189
207.376250,-41.687778,3.41,5190
206.885000,49.313333,1.86,5191
207.361250,-34.450833,4.19,5192
207.404167,-42.473889,3.04,5193
207.947500,-69.401389,5.75,5194
207.161250,31.190278,5.62,5195
207.467917,-18.134167,4.97,5196
207.527083,-29.081389,6.18,5197
207.580833,-39.901111,6.44,5198
207.238333,39.542778,7.40,5199
207.369167,15.797778,4.07,5200
207.428333,21.264167,4.91,5201
207.643750,-19.897222,6.53,5202
205.596250,82.752500,5.98,5203
207.437500,36.632778,6.38,5204
207.602917,5.497222,6.01,5205
207.946667,-46.899167,5.77,5206
208.020000,-52.811667,5.25,5207
207.902500,-36.433333,6.35,5208
207.835000,-24.390833,6.45,5209
207.956667,-32.994444,4.56,5210
207.958750,-32.994722,6.06,5211
208.003750,-31.619444,6.12,5212
207.439583,61.489167,5.96,5213
207.768750,34.772500,6.65,5214
207.788333,34.664444,5.87,5215
207.615417,58.539444,6.46,5216
208.429583,-53.373611,5.89,5217
208.703750,-67.652500,5.71,5218
207.947917,34.444167,4.74,5219
208.076667,12.165278,6.04,5220
208.302083,-31.927778,4.73,5221
208.386667,-35.664167,5.54,5222
208.487083,-47.128056,6.10,5223
208.467500,-35.314444,6.19,5224
208.303750,17.932778,5.70,5225
207.857917,64.723333,4.65,5226
207.746667,68.315278,6.40,5227
208.569167,-28.569722,6.04,5228
208.292917,28.648056,5.90,5229
208.800833,-52.161111,5.71,5230
208.885000,-47.288333,2.55,5231
208.675417,-1.503056,5.15,5232
208.742500,-8.058889,6.19,5233
209.082500,-54.131944,6.14,5234
208.671250,18.397778,2.68,5235
209.137500,-54.704444,6.00,5236
208.935417,-31.285000,6.51,5237
208.462500,53.728611,5.70,5238
209.081250,-46.592500,5.83,5239
210.136667,-78.590000,6.09,5240
209.412083,-63.686667,4.71,5241
209.630000,-65.800556,6.20,5242
208.958333,14.056389,6.16,5243
209.116250,1.050556,5.91,5244
209.043750,32.032500,6.32,5245
209.365417,-23.022778,6.14,5246
209.142500,27.491944,5.01,5247
209.567917,-42.100833,3.83,5248
209.670000,-44.803611,3.87,5249
209.629583,-24.972222,5.15,5250
209.822083,-50.370000,5.91,5251
210.072083,-61.481389,6.49,5252
210.217500,-66.268611,5.97,5253
209.666250,14.649444,6.00,5254
209.662083,21.696111,5.76,5255
209.383750,61.492778,6.37,5256
210.000417,-25.010278,5.77,5257
209.955417,-3.549722,6.40,5258
210.329167,-40.222222,6.13,5259
210.430833,-45.603611,4.34,5260
211.332500,-76.796667,5.50,5261
210.335000,8.894722,5.99,5262
210.293750,27.386667,6.23,5263
210.411667,1.544444,4.26,5264
210.595000,-27.430000,5.48,5265
210.859167,-56.213611,5.92,5266
210.955833,-60.373056,0.61,5267
210.757083,-31.683889,6.18,5268
210.864583,-41.423333,6.11,5269
210.632500,9.686389,6.20,5270
210.550833,45.753611,6.27,5271
210.971250,-22.421667,6.30,5272
210.884583,10.786667,6.30,5273
210.903333,7.546389,6.26,5274
210.982500,4.900833,6.24,5275
211.060833,-5.381389,6.39,5276
211.112500,-14.971667,6.28,5277
211.443750,-54.669444,6.17,5278
212.112917,-74.850278,6.02,5279
210.748750,50.971944,6.15,5280
211.604583,-59.715556,6.42,5281
210.460833,68.678611,6.34,5282
211.156250,2.297500,6.28,5283
211.308333,-16.335833,6.56,5284
211.511667,-41.179722,4.36,5285
211.545417,-43.091944,6.20,5286
211.592917,-26.682500,3.27,5287
211.670833,-36.370000,2.06,5288
212.059583,-63.208056,6.40,5289
211.678333,-9.313333,5.46,5290
211.097083,64.375833,3.65,5291
212.234583,-59.276667,6.34,5292
212.628750,-70.305556,6.05,5293
212.216250,-43.471111,6.17,5294
212.757917,-69.719722,6.06,5295
212.395833,-51.504722,6.00,5296
212.478333,-53.439167,4.75,5297
212.252500,-10.334444,6.47,5298
211.982500,43.854444,5.27,5299
212.072083,49.458056,5.25,5300
212.710417,-16.301944,4.91,5301
212.191667,59.337778,6.46,5302
214.557500,-81.007778,4.91,5303
212.599583,25.091667,4.83,5304
211.735000,74.593611,6.45,5305
214.228750,-77.663889,6.47,5306
212.880000,1.362222,6.43,5307
213.318333,-53.665833,5.56,5308
213.102083,-24.364167,6.34,5309
212.812917,32.295556,6.11,5310
213.416250,-54.625833,6.11,5311
213.191667,-27.261111,5.08,5312
213.065833,2.409444,5.01,5313
213.305000,-26.612222,6.24,5314
213.224167,-10.273611,4.19,5315
213.737500,-57.085833,5.07,5316
213.420000,-0.845556,5.91,5317
213.677500,-41.837500,5.61,5318
213.838333,-53.509722,6.39,5319
214.160833,-66.587778,5.75,5320
212.212083,77.547500,4.82,5321
213.588750,-5.947500,6.36,5322
213.521667,12.959444,5.54,5323
213.755417,-29.281944,6.08,5324
213.911667,-45.000833,6.31,5325
214.142500,-59.913889,6.39,5326
216.097083,-82.848611,6.42,5327
213.365417,51.787778,6.69,5328
213.370833,51.790278,4.54,5329
213.711667,10.100556,5.29,5330
213.720833,3.336111,6.45,5331
213.850417,-18.200833,5.43,5332
213.670833,21.873333,6.39,5333
213.016667,69.432500,5.24,5334
213.597917,41.518889,6.24,5335
215.594583,-80.108889,5.06,5336
214.076250,-33.241389,6.55,5337
214.003750,-6.000556,4.08,5338
216.728750,-83.667778,4.32,5339
214.089583,-6.621944,6.44,5341
214.125417,-3.196389,6.15,5342
214.017500,18.911944,5.98,5343
214.265833,-18.585278,6.22,5344
213.820417,52.535833,6.58,5345
214.136667,20.121389,6.25,5346
214.100833,39.744722,6.38,5347
214.599167,-33.220556,6.54,5348
214.964583,-61.273056,5.23,5349
214.041250,51.367222,4.75,5350
214.095833,46.088333,4.18,5351
214.368333,15.263333,5.80,5352
214.502500,-7.542500,6.47,5353
214.850833,-46.057778,3.55,5354
214.659583,-18.716111,5.90,5355
214.753333,-25.815556,5.87,5356
214.849583,-37.003611,5.94,5357
215.081250,-56.386667,4.33,5358
214.777500,-13.371111,4.52,5359
214.337917,51.307222,6.20,5360
214.499167,35.509444,4.81,5361
215.040417,-43.058889,5.56,5362
214.455000,48.001667,6.32,5363
215.177083,-45.187222,4.77,5364
214.817917,13.004167,5.41,5365
214.885417,-2.265556,5.14,5366
215.139167,-37.885278,4.05,5367
214.920417,0.384167,6.19,5368
214.732083,38.767500,6.86,5369
214.938333,16.306944,4.86,5370
215.654167,-58.459444,4.92,5371
214.732500,54.864167,6.53,5372
214.948750,38.793889,6.33,5373
215.036250,30.429167,6.44,5374
215.661250,-48.320278,6.09,5375
215.582083,-34.786944,5.56,5376
215.834583,-50.772222,6.02,5377
215.759167,-39.512222,4.42,5378
216.276250,-68.195278,5.61,5379
215.951667,-53.176667,6.00,5380
215.774167,-27.753889,4.77,5381
216.414583,-66.173333,6.36,5382
215.856667,-11.714167,6.21,5383
215.813750,1.241667,6.27,5384
215.844167,8.445000,6.86,5385
215.844583,8.446667,5.12,5386
215.778333,25.338056,6.22,5387
216.003750,8.243611,5.95,5388
217.403333,-76.729167,6.07,5389
216.202500,-24.806389,5.32,5390
216.779583,-65.821667,5.85,5391
216.047083,5.820000,5.10,5392
216.170417,-11.669722,6.49,5393
216.076250,8.085000,6.19,5394
216.534167,-45.221389,4.56,5395
216.545000,-45.379444,4.35,5396
216.374167,-19.969722,6.61,5397
216.555833,-42.319167,6.32,5398
216.448750,-26.852500,6.48,5399
216.707917,-39.873889,6.35,5400
216.800833,-46.134444,5.83,5401
216.371667,38.393056,6.27,5402
217.181250,-59.197778,6.45,5403
216.299167,51.850833,4.05,5404
216.614167,19.226944,5.39,5405
216.851667,-6.120278,6.17,5406
217.043333,-29.491667,4.97,5407
217.818750,-67.717222,5.83,5408
217.050417,-2.228056,4.81,5409
217.173750,-6.900556,5.42,5410
216.863750,41.025000,6.63,5411
217.535833,-45.321667,5.50,5412
217.587083,-49.519167,5.37,5413
217.131250,28.289167,7.62,5414
217.138750,28.290833,7.12,5415
217.068333,36.196944,6.10,5416
217.735417,-40.845000,6.39,5417
217.460417,0.828889,5.94,5418
217.795000,-38.869722,5.97,5419
217.157500,49.844722,5.59,5420
218.137083,-56.887778,6.93,5421
217.457083,31.791111,6.06,5422
217.403333,41.795833,6.35,5423
217.689167,4.772222,6.02,5424
218.153750,-50.456944,4.42,5425
218.385000,-54.998333,5.87,5426
218.374583,-52.680000,5.87,5427
218.290000,-30.714167,6.09,5428
217.957500,30.371389,3.58,5429
216.881250,75.696111,4.25,5430
218.533333,-42.099722,6.60,5431
218.821667,-60.015833,6.40,5432
218.084167,26.677222,6.01,5433
218.135417,22.260000,5.92,5434
218.019583,38.308333,3.03,5435
217.692083,63.185556,6.09,5436
217.928333,60.225556,6.27,5437
218.711250,-20.439167,6.50,5438
218.881250,-41.517222,5.87,5439
218.876667,-42.157778,2.31,5440
218.334583,36.959444,6.43,5441
218.128750,55.397778,5.76,5442
219.442917,-67.932222,6.04,5443
219.079167,-46.245278,5.55,5444
218.548750,32.534444,6.33,5445
219.100833,-39.597222,6.13,5446
218.670000,29.745000,4.46,5447
218.660417,36.625833,6.03,5448
219.184167,-40.211667,5.74,5449
219.333750,-46.133889,5.41,5450
218.566250,57.065278,6.48,5451
218.665000,49.368333,5.74,5452
219.471667,-49.425833,4.05,5453
219.028750,23.250278,6.38,5454
219.249167,-12.305278,6.20,5455
219.581667,-38.794167,6.02,5456
219.795833,-46.584167,6.07,5457
219.852917,-49.055556,6.39,5458
219.900417,-60.835556,1.33,5460
220.136667,-56.440833,6.30,5461
219.558333,18.298333,5.91,5462
220.626667,-64.975278,3.19,5463
219.552083,43.641944,5.70,5464
220.482083,-58.616111,6.22,5465
220.255833,-36.135000,5.67,5466
219.563333,54.023333,5.85,5467
219.709167,44.404444,5.39,5468
220.482500,-47.388333,2.30,5469
221.965000,-79.044722,3.83,5470
220.490000,-37.793611,4.00,5471
220.091250,21.975556,6.10,5472
220.176667,13.534167,5.91,5473
220.462917,-30.933333,6.37,5474
220.181667,16.418333,4.94,5475
220.182917,16.417778,5.88,5476
220.287083,13.728333,4.83,5477
220.287083,13.728333,4.43,5478
218.409583,79.660278,6.26,5479
220.411667,8.161667,4.86,5480
220.431250,11.660556,5.56,5481
221.322083,-62.875833,5.36,5482
220.475833,21.123611,6.38,5483
220.806667,-24.997500,5.73,5484
220.914167,-35.173611,4.05,5485
221.231250,-58.477778,6.11,5486
220.765000,-5.658333,3.88,5487
221.295417,-55.601944,6.10,5488
221.246667,-35.191944,4.92,5489
220.855833,26.527778,4.81,5490
232.079583,-88.133056,6.48,5491
220.513333,61.261944,6.25,5492
220.935000,40.459167,5.73,5493
221.621250,-47.441111,5.74,5494
221.755417,-52.383611,5.21,5495
221.298750,-1.417778,6.07,5496
221.500417,-25.443056,4.94,5497
221.801250,-52.205556,6.07,5498
221.528333,-23.153056,5.81,5499
222.185000,-66.593889,5.91,5500
221.375833,0.717222,5.69,5501
221.310417,16.964444,4.60,5502
221.490833,-15.459722,6.33,5503
221.545417,-21.176111,6.40,5504
221.246667,27.075000,5.12,5505
221.246667,27.074167,2.70,5506
221.336250,18.884722,6.13,5507
221.771250,-38.290833,5.94,5508
221.883750,-43.557500,6.30,5509
221.307083,32.788333,6.28,5510
221.562083,1.892778,3.72,5511
221.525000,15.131944,5.63,5512
221.807083,-21.324722,6.06,5513
221.843750,-25.624444,5.63,5514
222.278750,-56.667778,6.23,5515
221.936667,-26.087500,5.24,5516
221.989583,-26.646389,5.77,5517
221.978750,-12.839722,6.35,5518
222.158750,-36.634722,6.04,5519
223.307083,-73.190000,5.60,5520
222.327917,-24.251667,5.68,5521
222.225417,-0.847778,6.14,5522
222.329583,-14.148889,5.31,5523
222.097083,24.366667,6.14,5524
225.461667,-83.227778,5.65,5525
222.572083,-27.960278,4.41,5526
223.145833,-63.810000,5.87,5527
222.910000,-43.575556,4.32,5528
222.277917,37.811111,6.16,5529
222.671667,-15.997222,5.15,5530
222.719583,-16.041667,2.75,5531
222.493333,28.615833,5.80,5532
222.327917,46.116111,5.74,5533
222.565833,23.911944,5.85,5534
222.754167,-2.299167,4.94,5535
222.750417,-0.257222,6.18,5536
222.384583,51.374722,6.51,5537
222.422083,48.720556,5.69,5538
223.676667,-65.991389,6.09,5539
224.470417,-76.662778,5.34,5540
222.623333,37.271944,5.48,5541
223.137917,-30.576944,6.29,5542
223.212917,-37.803333,5.03,5543
222.847083,19.101111,4.55,5544
226.194583,-83.038333,5.65,5545
223.894167,-60.114167,5.20,5546
225.049167,-77.160278,5.93,5547
223.583750,-24.642222,5.30,5548
223.658333,-33.300556,5.82,5549
223.347083,15.704444,6.40,5550
224.183333,-62.780833,5.11,5551
222.860000,59.293889,5.46,5552
223.348750,19.152778,6.01,5553
223.595417,-11.898333,5.80,5554
224.983333,-75.032500,6.20,5555
224.072083,-52.809722,5.38,5556
227.784583,-84.787500,5.91,5557
223.936250,-33.855833,5.32,5558
224.133333,-47.879167,5.64,5559
224.255833,-51.446944,6.64,5560
224.149167,-39.416111,6.36,5561
224.128750,-32.636667,6.06,5562
222.676250,74.155556,2.08,5563
224.192083,-11.409722,5.46,5564
224.306667,-29.157778,6.29,5565
224.536667,-48.863056,6.35,5566
224.055000,14.446389,5.77,5567
224.366667,-21.415556,5.74,5568
223.994583,32.300278,6.12,5569
224.295833,-4.346389,4.49,5570
224.632917,-43.133889,2.68,5571
224.653333,-39.906667,6.15,5572
224.388750,-0.167500,5.53,5573
224.265000,21.555278,6.49,5574
224.298750,16.388333,5.71,5575
224.790417,-42.104167,3.13,5576
224.663333,-27.657222,5.65,5577
224.555833,-11.155000,6.60,5578
224.807917,-37.881389,6.47,5579
224.862917,-43.160000,6.10,5580
224.095833,49.628611,5.63,5581
224.723333,-11.144167,5.87,5582
224.720000,-4.989167,6.09,5583
224.846250,4.567778,5.93,5584
225.304167,-38.058333,5.89,5585
225.243333,-8.518889,4.92,5586
225.492083,-34.358889,6.22,5587
224.903750,39.265278,5.64,5588
224.395833,65.932500,4.60,5589
225.332500,-2.755000,5.52,5590
225.526667,-28.060556,5.85,5591
225.218333,22.045556,6.38,5592
226.200833,-64.031667,5.17,5593
225.453750,-0.140556,5.71,5594
225.747083,-32.643333,5.44,5595
222.585000,82.511944,5.64,5596
225.161250,47.277778,6.37,5597
226.786250,-71.905278,6.52,5598
225.687083,-3.031389,6.61,5599
225.527083,25.008056,4.81,5600
225.725000,2.091389,4.40,5601
225.486667,40.390556,3.50,5602
226.017500,-25.281944,3.29,5603
226.178750,-40.861389,6.41,5604
226.280000,-47.051111,4.72,5605
226.280000,-47.051111,4.82,5606
226.329583,-41.067222,5.15,5607
225.362917,60.204444,5.93,5608
225.775417,35.205833,5.51,5609
226.026667,5.492500,6.50,5610
226.986667,-65.275556,6.17,5611
225.777500,44.644444,6.65,5612
225.902083,34.566111,6.59,5613
226.448750,-25.789722,6.67,5614
226.557917,-36.264167,6.27,5615
226.111250,26.947500,4.54,5616
226.857917,-49.088333,5.77,5617
225.947500,47.654444,4.76,5618
226.638750,-30.918889,5.96,5619
226.612917,-22.031944,6.17,5620
227.374583,-67.084167,5.76,5621
226.656667,-16.256944,5.20,5622
227.356250,-63.642778,6.28,5623
227.050417,-40.583889,5.79,5624
227.162917,-42.867778,5.85,5625
227.210833,-45.279722,4.05,5626
226.357500,48.151111,5.57,5627
228.140833,-72.770278,6.01,5628
225.990833,65.919722,6.13,5629
226.646250,36.455556,6.35,5630
226.917917,5.498056,6.16,5631
227.685833,-61.422500,6.30,5632
226.835000,18.441667,6.02,5633
226.825417,24.869167,4.93,5634
226.569583,54.556389,5.25,5635
227.531250,-38.792500,5.98,5636
227.816667,-55.346111,5.54,5637
227.099167,26.301111,5.67,5638
227.222500,13.235000,6.10,5639
227.147917,25.108611,5.81,5640
227.577500,-26.332778,5.76,5641
227.895417,-45.277500,6.44,5642
227.882917,-45.279444,7.39,5643
228.579583,-70.079444,5.81,5644
228.254167,-61.743889,6.32,5645
227.983750,-48.737778,3.87,5646
227.990000,-48.743611,5.69,5647
227.081250,50.055000,6.39,5648
228.071250,-52.099167,3.41,5649
228.130417,-48.218611,6.33,5650
228.206250,-44.500556,4.82,5651
228.055417,-19.791667,4.54,5652
228.280833,-36.091389,6.10,5653
228.017917,18.975833,5.89,5654
228.322917,-24.008333,6.47,5655
228.330000,-19.647500,6.08,5656
228.369583,-25.309167,6.45,5657
228.472083,-26.193611,5.84,5658
228.181250,19.285833,6.68,5659
228.655417,-31.519167,4.91,5660
229.151667,-60.903889,5.73,5661
228.640417,-17.768611,6.17,5662
228.974167,-48.074167,5.95,5663
229.236250,-60.957500,5.09,5664
228.382917,22.983333,6.30,5665
229.412083,-63.610556,4.86,5666
229.016667,-41.491111,5.16,5667
229.043750,-43.484722,6.04,5668
228.711250,-5.502778,6.28,5669
229.378333,-58.801111,4.07,5670
229.727500,-68.679444,2.89,5671
227.683750,67.781389,6.17,5672
228.398333,38.264722,6.20,5673
228.525417,31.788056,5.99,5674
228.797500,4.939444,5.33,5675
228.621667,29.164167,5.26,5676
228.542917,42.171389,6.13,5677
229.095833,-22.399444,5.50,5678
228.954583,0.372222,5.63,5679
229.703750,-60.496389,5.46,5680
228.875833,33.314722,3.47,5681
229.539167,-41.060833,6.28,5682
229.633333,-47.875000,4.27,5683
230.169583,-67.481389,6.28,5684
229.251667,-9.383056,2.61,5685
229.457917,-30.148889,4.34,5686
229.735000,-40.788333,5.59,5687
229.672083,-31.209444,6.18,5688
229.881667,-37.096667,6.20,5689
229.609167,-0.461389,5.89,5690
228.659583,67.346667,5.13,5691
229.602083,20.572778,5.70,5692
228.716250,68.945278,6.51,5693
229.828333,1.765278,5.06,5694
230.342917,-40.647500,3.22,5695
230.397083,-40.749722,6.20,5696
230.375417,-38.219167,6.48,5697
230.534583,-47.927778,5.00,5698
230.450833,-48.317778,5.65,5699
230.793333,-60.656944,5.67,5700
230.223750,-18.158611,6.17,5701
229.875833,32.515278,6.32,5702
230.255833,-15.548333,6.30,5703
230.844583,-59.320833,4.51,5704
230.451667,-36.261389,3.56,5705
230.196250,-2.413333,6.35,5706
230.281667,-5.824722,5.54,5707
230.670417,-44.689444,3.37,5708
230.035417,29.616111,5.51,5709
230.258333,0.715278,5.35,5710
230.278750,24.957778,6.39,5711
230.789167,-36.858611,4.54,5712
231.561250,-68.309167,5.89,5713
229.274583,71.823889,5.02,5714
230.021667,51.958611,5.66,5715
230.173333,44.434167,6.19,5716
230.596667,12.567500,6.28,5717
230.452500,32.933889,5.37,5718
231.187083,-39.710278,5.37,5719
230.967500,-12.369444,5.72,5720
230.932083,-1.022500,6.12,5721
231.277500,-38.169444,7.03,5722
231.049583,-10.322222,4.94,5723
231.334167,-38.733611,4.60,5724
231.887917,-64.531389,5.71,5725
230.655833,39.581389,5.50,5726
230.801250,30.287778,5.58,5727
230.801250,30.287778,6.08,5728
235.820000,-84.465278,5.57,5729
232.878333,-73.389444,5.49,5730
230.655417,62.047222,5.98,5731
231.021250,45.271111,6.01,5732
231.122500,37.377222,4.31,5733
231.128750,37.347778,6.50,5734
230.182083,71.833889,3.05,5735
231.825833,-36.767778,5.45,5736
230.660000,63.341389,5.79,5737
232.113333,-51.597500,6.10,5738
231.447500,15.428056,5.17,5739
231.472083,19.480833,6.27,5740
231.572500,34.335833,5.46,5741
232.351250,-46.732778,5.24,5742
232.064167,-16.716389,5.64,5743
231.232500,58.966111,3.29,5744
231.912083,25.101667,6.02,5745
232.159167,1.842222,5.17,5746
231.957083,29.105833,3.68,5747
231.635417,54.020000,6.45,5748
232.651250,-20.728333,6.22,5749
232.668333,-16.609444,5.82,5750
233.018333,-38.623056,6.25,5751
232.185417,47.201389,6.15,5752
232.959583,-32.881111,6.46,5753
231.920000,62.275556,6.50,5754
231.964167,60.670278,5.90,5755
232.930833,-20.164722,6.22,5756
234.826250,-77.918056,6.18,5757
232.730833,8.579167,6.57,5758
232.236667,55.195000,6.43,5759
232.594583,31.286111,6.46,5760
232.616250,36.804167,6.37,5761
233.152917,-19.670556,5.52,5762
232.732500,40.833056,5.02,5763
233.230000,-16.852778,5.50,5764
233.287917,-24.489444,7.00,5765
234.072500,-65.613333,6.51,5766
233.506667,-40.066111,5.82,5767
232.338333,62.099722,6.38,5768
232.843333,36.616389,6.38,5769
233.040417,16.056111,6.22,5770
234.180000,-66.316944,4.11,5771
233.241250,-1.186389,5.51,5772
233.587083,-39.349444,6.36,5773
232.945833,40.899444,5.02,5774
233.655417,-28.046944,5.15,5775
233.785417,-41.166944,2.78,5776
233.544583,-10.064444,4.62,5777
233.232500,31.359167,4.14,5778
233.586667,-5.695000,6.51,5779
233.610833,-9.183333,5.17,5780
233.971667,-44.958611,4.54,5781
235.088333,-73.446667,5.65,5782
233.470000,17.137778,6.45,5783
234.050417,-44.396944,5.43,5784
232.732083,64.208611,5.79,5785
235.477500,-76.081944,5.95,5786
233.881667,-14.789444,3.91,5787
233.700417,10.537500,3.80,5788
233.700417,10.539167,3.80,5789
234.047500,-33.092778,6.24,5790
233.769167,1.668889,6.56,5791
235.047917,-70.227778,6.44,5792
233.672083,26.714722,2.23,5793
234.256250,-28.135000,3.58,5794
233.888333,17.655556,6.12,5795
233.972500,11.265556,6.07,5796
234.513333,-42.567500,4.33,5797
234.706250,-52.372778,5.44,5798
234.140417,-0.561667,6.51,5799
233.812500,39.010000,5.11,5800
234.368750,-26.280000,6.19,5801
234.123333,10.010000,5.26,5802
234.985417,-59.908333,5.95,5803
234.122083,16.118889,5.93,5804
234.636250,-39.160833,6.57,5805
234.450417,-23.141667,5.78,5806
234.676250,-39.128056,6.04,5807
233.955417,38.373889,6.42,5808
234.565417,-28.206667,6.32,5809
234.567917,-21.016111,5.84,5810
233.817917,53.921944,5.97,5811
234.664167,-29.777778,3.66,5812
234.222500,29.991111,6.52,5813
234.727083,-19.301944,5.38,5814
234.666667,-8.794444,6.50,5815
234.667083,-8.791111,6.48,5816
234.017083,52.069722,6.74,5817
233.987917,54.630556,5.74,5818
234.838750,-23.150278,6.34,5819
234.941667,-34.411944,4.67,5820
235.242917,-47.735556,6.23,5821
235.064167,-31.213611,6.34,5822
234.456667,40.353333,5.24,5823
235.070417,-23.818056,4.96,5824
235.297083,-44.661111,4.64,5825
232.853750,77.349444,4.96,5826
234.703750,34.675000,6.11,5827
234.383333,54.508889,5.87,5828
232.295833,80.448611,6.58,5829
234.567500,46.797778,5.75,5830
235.043333,12.053056,6.25,5831
235.655000,-49.489444,6.04,5832
234.842500,36.636667,6.00,5833
234.844583,36.635833,5.07,5834
234.642917,50.423333,5.84,5835
235.979583,-60.287222,6.48,5836
235.659583,-37.425000,5.24,5837
235.486667,-19.678889,4.74,5838
235.670833,-34.710556,4.75,5839
235.246667,16.024722,6.01,5840
234.789583,57.924444,6.45,5841
235.387917,19.670278,4.52,5842
235.447500,12.847500,5.33,5843
234.412917,69.283333,5.62,5844
235.477917,18.463889,5.81,5845
236.094167,-41.819444,5.94,5846
235.853750,-15.043333,6.31,5847
236.018333,-15.672778,5.41,5848
235.685833,26.295556,3.84,5849
235.794167,13.667778,6.48,5850
236.973333,-65.442500,6.18,5851
236.973750,-65.442500,6.39,5852
236.007500,2.515000,5.88,5853
236.067083,6.425556,2.65,5854
235.997083,32.515833,5.56,5855
236.553333,-28.061667,6.51,5856
235.711250,52.360833,5.51,5857
236.175417,17.264167,6.14,5858
236.347917,5.446944,5.58,5859
236.684167,-34.682500,5.61,5860
236.415417,0.891389,6.33,5861
236.855833,-40.194167,6.42,5862
236.523333,-1.804444,5.40,5863
236.870833,-37.916389,6.01,5864
237.209583,-52.438056,6.07,5865
236.689167,-6.120278,6.24,5866
236.547083,15.421944,3.67,5867
236.610833,7.353056,4.43,5868
237.528750,-53.209444,5.77,5869
236.822083,14.115278,5.71,5870
237.489583,-48.911944,5.84,5871
237.567917,-45.401667,6.12,5872
237.778333,-55.055833,5.73,5873
237.055417,13.788611,6.00,5874
237.236667,-3.818611,5.53,5875
238.236250,-65.152500,6.54,5876
237.008333,31.735833,6.44,5877
236.645000,55.474722,5.92,5878
237.185000,18.141667,4.09,5879
237.143333,28.156667,5.85,5880
237.405000,-3.430278,3.53,5881
237.881250,-47.060556,6.01,5882
237.739583,-33.627222,3.95,5883
238.345000,-62.606944,6.19,5884
237.744583,-25.751389,4.64,5885
236.666667,62.599444,5.19,5886
236.908333,55.376667,5.86,5887
237.572917,2.196389,5.23,5888
237.398750,26.068333,4.63,5889
238.214583,-50.615278,6.60,5890
238.873333,-68.603056,5.09,5891
237.704167,4.477778,3.71,5892
238.053333,-29.886667,6.40,5893
237.673750,15.133611,5.20,5894
237.815000,-3.090556,5.11,5895
237.910000,-14.133611,6.19,5896
238.785417,-63.430556,2.85,5897
238.719167,-60.743333,6.15,5898
237.816250,20.977778,4.76,5899
238.884583,-60.177778,5.77,5900
237.807917,35.657500,4.82,5901
238.333750,-20.167222,5.03,5902
236.014583,77.794444,4.32,5903
238.402917,-25.327222,4.59,5904
239.025000,-60.482778,5.76,5905
238.474167,-24.533056,5.39,5906
238.482500,-23.978056,5.42,5907
238.456250,-16.729444,4.15,5908
238.234167,17.403611,6.36,5909
238.625000,-27.338611,6.14,5910
238.300417,13.196667,6.10,5911
238.664583,-25.243611,5.87,5912
238.395417,16.075000,6.09,5913
238.168750,42.451667,4.62,5914
238.751250,-19.383056,5.94,5915
238.876667,-31.083611,6.21,5916
238.875417,-26.265833,5.62,5917
239.027083,-39.864167,6.03,5918
238.667917,8.580278,6.29,5919
239.742083,-65.037778,5.75,5920
239.265833,-48.162222,6.31,5921
238.069167,55.826667,5.81,5922
239.057917,-31.785833,6.29,5923
238.644167,20.310833,5.44,5924
239.222917,-33.966389,5.12,5925
239.225833,-33.964167,5.62,5926
239.060000,-14.399444,6.37,5927
239.221250,-29.214167,3.88,5928
239.338750,-36.185000,5.80,5929
239.139167,-14.829167,6.13,5930
238.915833,18.620556,6.26,5931
238.657917,43.138611,5.37,5932
239.113333,15.661667,3.85,5933
239.418333,-20.983056,5.85,5934
239.627917,-37.503056,6.31,5935
238.948333,37.946944,5.45,5936
239.975000,-54.021111,6.10,5937
238.877500,42.566111,5.75,5938
240.294583,-63.776667,6.41,5939
239.310833,14.414444,5.54,5940
239.547500,-14.279444,4.88,5941
239.645000,-24.831389,5.43,5942
239.876250,-41.744444,4.99,5943
239.712917,-26.114167,2.89,5944
239.991667,-40.652778,6.49,5945
240.276667,-54.577778,6.13,5946
239.397083,26.877778,4.15,5947
240.030417,-38.396944,3.41,5948
238.957083,58.911667,6.31,5949
239.374583,39.695278,6.31,5950
240.718333,-62.541667,6.25,5951
240.223750,-40.435278,6.21,5952
240.083333,-22.621667,2.32,5953
240.081667,-16.533333,5.47,5954
241.482500,-72.400833,5.70,5955
240.331250,-31.889444,6.33,5956
239.740417,36.643889,5.62,5957
239.875833,25.920278,2.00,5958
240.198333,-8.411389,5.55,5959
239.447500,54.749722,4.95,5960
240.882917,-57.775278,4.63,5961
240.803750,-49.229722,4.65,5962
240.212917,4.427500,5.83,5963
239.768333,49.881111,6.05,5964
240.664167,-29.135833,6.03,5965
240.309583,17.818333,5.12,5966
240.850833,-38.602500,4.89,5967
240.261250,33.303611,5.41,5968
240.835833,-25.865278,5.00,5969
240.892917,-32.000556,6.01,5970
240.360833,29.851111,4.99,5971
240.573750,22.804444,4.83,5972
240.977917,-24.726389,6.21,5973
241.074167,-33.214444,6.10,5974
241.152917,-37.863056,5.90,5975
240.940417,4.986667,6.08,5976
241.092083,-11.373056,5.07,5977
241.092083,-11.373056,4.77,5978
241.850000,-56.191389,6.16,5979
241.622500,-45.173333,4.72,5980
240.522917,52.915833,5.93,5981
240.699583,46.036667,4.76,5982
240.830833,36.631667,5.83,5983
241.359167,-19.805556,2.62,5984
241.360417,-19.801944,4.92,5985
240.472083,58.565278,4.01,5986
241.647917,-36.802222,4.23,5987
241.526250,-23.606389,5.92,5988
241.435417,-6.291667,6.53,5989
241.499167,-6.139444,6.41,5990
241.818333,-36.755556,5.73,5991
241.407500,8.096111,6.29,5992
241.701667,-20.669167,3.96,5993
242.327500,-57.934444,5.57,5994
240.788750,59.410833,6.19,5995
241.764167,-14.070833,6.32,5996
241.851250,-20.868611,4.32,5997
241.966250,-24.461944,6.33,5998
242.142500,-39.105278,7.05,5999
242.143333,-39.093056,6.65,6000
242.031667,-26.326667,5.38,6001
241.901667,-12.745556,5.78,6002
242.182083,-23.685556,5.88,6003
241.906250,9.891667,5.63,6004
241.842500,21.822500,6.14,6005
242.382083,-32.649722,6.19,6006
242.469167,-33.545833,5.54,6007
242.018750,17.046944,5.00,6008
242.020417,17.054444,6.25,6009
242.116667,8.534167,5.73,6010
242.245417,3.454444,5.91,6011
242.480000,-18.340833,6.47,6012
242.194167,17.205833,6.14,6013
242.296667,6.378889,5.97,6014
242.823750,-41.119722,5.86,6015
242.460417,-3.466944,5.37,6016
242.758333,-29.416389,5.13,6017
242.242917,36.490833,4.76,6018
243.344167,-55.540833,5.81,6019
245.086667,-78.695833,4.68,6020
245.111667,-78.667222,5.27,6021
243.320000,-53.671667,5.83,6022
242.192500,44.935000,4.26,6023
243.369583,-54.630556,4.94,6024
241.582083,67.810278,5.44,6025
242.994167,-19.449722,6.30,6026
242.998750,-19.460556,4.01,6027
243.075833,-27.926389,4.59,6028
243.066250,-28.417500,5.67,6029
243.859583,-63.685556,3.85,6030
243.000000,-10.064167,4.94,6031
242.873750,9.712500,6.53,6032
243.030417,-8.547500,5.43,6033
240.880417,76.793611,5.56,6034
242.869583,16.665556,6.08,6035
242.262083,57.937778,6.33,6036
244.272917,-67.941389,5.75,6037
242.358333,55.828889,6.49,6038
242.908333,23.494722,5.70,6039
243.957083,-57.912222,5.63,6040
243.235417,-4.220833,6.25,6041
243.440417,-24.421944,6.41,6042
242.915417,33.342500,6.29,6043
243.592917,-33.011389,5.92,6044
243.813750,-47.372222,5.14,6045
242.950000,36.425000,5.63,6046
243.314167,5.021111,5.48,6047
243.462083,-11.837500,5.22,6048
243.850000,-42.899722,6.14,6049
242.948333,42.374444,5.87,6050
243.620000,-21.107500,6.41,6051
243.188750,26.670833,6.50,6052
243.662917,-18.535278,6.32,6053
243.723333,-25.476944,6.05,6054
244.179583,-53.811111,5.44,6055
243.586250,-3.694444,2.74,6056
243.556250,5.901944,6.31,6057
244.253750,-50.068333,4.99,6058
244.337083,-53.086667,6.33,6059
243.905417,-8.369444,5.50,6060
243.964583,-14.849167,6.09,6061
244.716250,-57.899722,6.49,6062
243.670000,33.858611,5.64,6063
243.670000,33.858333,6.66,6064
243.869583,18.808333,5.69,6065
244.245000,-21.303889,6.61,6066
244.230417,-3.953333,6.18,6067
243.947500,27.422222,6.14,6068
243.104583,67.144167,6.21,6069
244.574583,-28.613889,4.78,6070
244.823750,-42.673889,5.45,6071
244.960000,-50.155556,4.02,6072
245.105000,-55.140000,5.77,6073
244.186667,29.150278,5.78,6074
244.580417,-4.692500,3.24,6075
244.782083,-20.217778,6.29,6076
244.886250,-30.906667,5.49,6077
244.751667,-14.872500,5.94,6078
242.706250,75.877500,5.48,6079
245.135833,-39.430833,6.12,6080
245.159167,-24.169444,4.55,6081
243.134167,75.210556,6.39,6082
245.616667,-49.572222,5.33,6083
245.297083,-25.592778,2.89,6084
245.620417,-43.912222,5.88,6085
244.313750,59.755000,5.40,6086
245.017917,21.132500,6.05,6087
243.639583,73.395000,5.98,6088
246.341667,-63.124722,6.15,6089
244.796667,49.038056,5.91,6090
244.979583,39.708611,5.46,6091
244.935000,46.313333,3.89,6092
245.518333,1.029167,4.82,6093
246.005417,-39.193056,5.40,6094
245.480000,19.153056,3.75,6095
245.662083,-2.079722,6.23,6096
245.986250,-33.199444,6.47,6097
247.117083,-70.084444,4.91,6098
246.225833,-45.349167,6.33,6099
246.132083,-37.565833,5.42,6100
244.539167,68.554444,6.41,6101
248.362500,-78.897222,3.89,6102
245.524167,30.891944,4.85,6103
246.025833,-20.037500,4.50,6104
246.165000,-29.703333,6.63,6105
246.165417,-29.704722,5.84,6106
245.589167,33.799167,5.20,6107
245.621667,33.703611,5.39,6108
246.988750,-64.058056,5.27,6109
245.735417,32.333056,6.40,6110
246.045000,6.948056,5.85,6111
246.396667,-23.447222,5.02,6112
246.396250,-23.446111,5.92,6113
247.063333,-58.599722,5.69,6114
246.796250,-47.555000,4.47,6115
244.376250,75.755278,4.95,6116
246.354167,14.033333,4.57,6117
246.755833,-18.456389,4.42,6118
246.448750,18.892500,6.70,6119
247.437500,-57.755833,6.06,6120
246.547917,11.407500,6.11,6121
247.061250,-37.179444,5.79,6122
246.350833,37.393889,5.54,6123
246.708750,2.347500,6.07,6124
247.705833,-61.633611,5.20,6125
245.452917,69.109444,5.25,6126
246.105417,55.205000,5.74,6127
246.931250,-7.598056,5.23,6128
246.950417,-8.371667,4.63,6129
245.945833,61.696667,5.67,6130
247.426250,-46.243333,5.35,6131
245.997917,61.514167,2.74,6132
258.997083,-87.566389,6.57,6133
247.351667,-26.431944,0.96,6134
248.580417,-70.988056,5.50,6135
247.141667,0.665000,5.39,6136
247.203750,-8.128889,6.48,6137
251.473333,-83.238889,6.57,6138
255.243750,-86.364444,6.04,6139
247.445417,-14.550833,5.68,6140
247.551667,-25.115000,4.79,6141
247.923750,-41.816944,5.33,6142
247.845417,-34.704444,4.23,6143
247.624583,-7.515000,6.50,6144
247.845000,-26.537778,6.10,6145
247.160417,41.881667,5.04,6146
247.784583,-16.612778,4.28,6147
247.555000,21.489722,2.77,6148
247.728333,1.983889,3.82,6149
247.180833,51.407778,6.29,6150
248.936667,-65.495278,5.52,6151
247.640000,20.479167,5.25,6152
248.034167,-21.466389,4.45,6153
247.805833,22.195278,5.76,6154
248.520833,-44.045278,4.94,6155
247.525000,48.960833,6.45,6156
247.761667,35.225000,6.25,6157
248.148750,5.521111,5.63,6158
248.151250,11.488056,4.84,6159
248.782917,-45.244722,6.46,6160
246.995833,68.768056,5.00,6161
247.947083,45.598333,5.65,6162
250.769167,-77.517500,4.24,6163
249.093750,-42.858889,5.47,6164
248.970833,-28.216111,2.82,6165
249.093750,-35.255556,4.16,6166
249.719583,-60.990278,6.18,6167
248.525833,42.436944,4.20,6168
248.859583,17.057222,6.41,6169
248.107083,60.823333,5.94,6170
249.089583,-2.324722,5.75,6171
250.347083,-68.296111,5.91,6172
246.429583,78.963889,5.56,6173
249.609167,-43.398611,5.83,6174
249.289583,-10.567222,2.56,6175
249.179167,15.498056,6.30,6176
250.210417,-60.446111,6.18,6177
249.771667,-37.217500,5.91,6178
249.506667,-6.538056,6.09,6179
247.867083,72.611944,6.30,6180
249.450000,13.686944,6.31,6181
250.842083,-67.432500,6.03,6182
249.046667,46.613333,5.79,6183
249.047917,52.900278,5.53,6184
249.057083,52.924444,5.08,6185
249.058750,52.924167,6.53,6186
250.334583,-48.763056,5.65,6187
250.417500,-49.651667,5.65,6188
249.912917,-9.554444,6.35,6189
250.143750,-20.408611,6.26,6190
247.661667,77.446667,6.34,6191
250.439583,-33.146389,5.87,6192
250.400833,-24.468056,6.09,6193
250.146250,4.207222,6.93,6194
250.161250,4.219722,5.77,6195
250.393333,-17.742222,4.96,6196
250.764167,-46.070556,6.23,6197
249.229167,63.072778,6.16,6198
249.501667,56.015556,5.29,6199
249.687083,48.928333,4.90,6200
250.297917,-1.000556,6.24,6201
250.473750,-19.924444,5.57,6202
250.214167,12.395000,6.08,6203
251.666667,-67.109722,5.13,6204
250.427083,1.181111,5.74,6205
250.939583,-41.118889,6.20,6206
251.165833,-53.152500,5.96,6207
250.252500,24.858611,6.06,6208
250.974583,-41.113056,6.12,6209
250.948333,-38.156667,6.05,6210
250.911250,-32.106111,6.46,6211
250.321667,31.603056,2.81,6212
250.402917,26.916944,5.92,6213
251.177500,-40.839722,5.71,6214
251.588333,-58.503611,5.74,6215
251.072083,-27.456111,6.58,6216
252.166250,-69.027778,1.92,6217
251.250833,-28.509722,6.02,6218
251.831250,-58.341389,5.58,6219
250.724167,38.922222,3.53,6220
251.699167,-39.377222,5.48,6221
250.965417,34.038889,5.99,6222
250.229583,64.589167,4.83,6223
251.373750,1.020278,6.03,6224
251.713750,-25.528611,6.71,6225
250.743333,55.690278,6.16,6226
251.343750,15.745278,5.56,6227
251.457917,8.582500,5.15,6228
252.446250,-59.041389,3.76,6229
251.298750,43.217222,6.05,6230
253.072500,-67.681944,6.32,6231
251.790833,2.064444,6.10,6232
252.974583,-65.375556,6.13,6233
251.943333,5.246667,5.24,6234
252.112500,-14.909444,6.03,6235
252.649583,-50.045556,6.47,6236
251.324167,56.781944,4.85,6237
249.470417,78.918333,6.32,6238
252.037083,13.590556,6.35,6239
252.365833,-15.667500,6.10,6240
252.540833,-34.293333,2.29,6241
251.832500,42.238889,5.87,6242
252.458333,-10.783056,4.65,6243
252.749167,-37.514444,6.11,6244
252.890417,-41.230556,5.22,6245
252.394167,13.261389,5.91,6246
252.967500,-38.047500,3.08,6247
252.592917,-2.653889,6.32,6248
253.079583,-41.854444,6.49,6249
252.580833,7.247778,5.49,6250
253.502083,-57.909444,5.94,6251
253.083750,-38.017500,3.57,6252
253.852917,-63.269722,6.02,6253
252.309167,45.983333,4.82,6254
252.853750,1.216111,5.51,6255
252.418750,43.430556,6.13,6256
253.427083,-43.050833,5.96,6257
252.662500,29.806667,5.72,6258
252.679583,32.553611,6.13,6259
253.507500,-41.806389,5.45,6260
253.495000,-41.994722,6.32,6261
253.498750,-42.362222,4.73,6262
253.549167,-41.850278,6.45,6263
252.650417,41.896667,6.29,6264
253.581667,-41.820000,6.59,6265
253.612083,-42.478889,5.88,6266
250.775000,77.514167,5.98,6267
253.020417,14.974167,6.52,6268
253.355000,-20.415556,5.88,6269
252.938750,24.656389,5.04,6270
253.645833,-42.361389,3.62,6271
253.743333,-41.151111,5.77,6272
253.650000,-30.587222,6.35,6273
254.037083,-50.675000,6.33,6274
254.119583,-52.283889,5.94,6275
254.890833,-69.268333,5.79,6276
253.544167,-1.612222,6.25,6277
253.667917,-11.792500,6.57,6278
253.242083,31.701667,5.32,6279
253.648750,-6.153889,5.25,6280
253.502083,10.165278,4.38,6281
253.990833,-33.507222,6.37,6282
254.150000,-40.823611,6.15,6283
254.007500,-16.806111,6.37,6284
254.655000,-55.990278,3.13,6285
253.323333,47.416944,6.00,6286
253.730000,20.958611,5.41,6287
254.296250,-33.259444,5.48,6288
254.575000,-50.641111,5.55,6289
253.816667,13.619722,6.34,6290
254.200000,-23.150000,5.58,6291
253.758750,25.730556,6.08,6292
253.842500,18.433333,5.35,6293
254.266667,-19.540000,6.27,6294
254.896250,-53.160556,4.06,6295
254.358750,-10.963333,6.19,6296
255.025833,-54.596944,5.65,6297
254.718333,-37.621111,6.09,6298
254.417083,9.375000,3.20,6299
255.112917,-48.647778,6.00,6300
254.383333,13.884167,6.37,6301
254.673333,-14.869722,6.59,6302
255.134583,-45.451667,6.65,6303
255.447500,-58.958333,6.11,6304
254.379167,25.352778,6.28,6305
254.026667,50.038889,6.56,6306
254.426250,24.381389,6.32,6307
254.990000,-25.091944,5.86,6308
255.039583,-24.989167,5.75,6310
255.153750,-35.934167,5.97,6311
255.442083,-51.130833,6.45,6312
254.459167,42.512500,6.34,6313
255.786667,-53.236944,5.29,6314
254.007083,65.134722,4.89,6315
255.469583,-32.143611,5.03,6316
255.122500,6.583611,6.59,6317
255.265000,-4.222500,4.82,6318
254.105000,65.039167,6.41,6319
256.102917,-57.712222,5.73,6320
255.463333,-18.885556,6.26,6321
251.492083,82.037222,4.23,6322
255.923750,-47.160000,6.06,6323
255.072500,30.926389,3.92,6324
255.242083,22.632222,5.65,6325
255.387500,14.949444,6.31,6326
255.961667,-38.152222,5.91,6327
255.290000,27.196389,6.55,6328
255.496250,8.450556,6.33,6329
254.839583,56.688611,6.03,6330
256.272083,-45.501667,6.28,6331
255.401667,33.568333,5.25,6332
255.577917,25.505556,5.75,6333
256.205833,-34.122778,4.87,6334
254.070000,73.127778,6.30,6335
255.571667,31.884722,6.36,6336
255.782500,14.091944,4.98,6337
256.452500,-44.105000,6.19,6338
255.793333,14.511111,6.52,6339
256.188750,-20.494722,6.30,6340
255.913750,13.605278,5.93,6341
255.991667,13.567500,6.08,6342
255.969583,19.690556,6.35,6343
256.584583,-37.227500,5.98,6344
254.760833,69.186389,6.40,6345
255.875833,35.414167,6.69,6346
256.618333,-35.451111,6.13,6347
255.319583,60.649167,6.13,6348
256.320417,0.702500,6.01,6349
256.549167,-21.564722,6.30,6350
255.972917,34.790278,6.04,6351
256.172083,19.599167,6.17,6352
256.384583,-0.891944,5.64,6353
256.721667,-26.513056,6.29,6354
256.344583,12.740833,4.91,6355
257.526250,-61.675556,6.39,6356
258.082500,-70.721111,6.22,6357
256.540417,9.733333,6.37,6358
256.554583,10.454167,6.37,6359
255.563750,64.600556,6.10,6360
256.720417,-1.656389,6.38,6361
256.270833,43.812222,6.43,6362
256.207500,48.804167,6.09,6363
256.575417,22.084167,5.56,6364
257.062083,-17.609167,5.99,6365
257.197917,-30.403611,5.97,6366
257.056667,-1.079444,6.06,6367
258.322917,-67.196667,5.89,6368
256.332500,54.470278,5.83,6369
256.332083,54.470278,5.80,6370
257.676250,-44.557500,5.08,6371
257.227083,-3.882778,6.36,6372
259.148333,-74.533056,6.25,6373
257.912083,-48.874167,5.84,6374
257.450000,-10.523333,5.56,6375
256.944583,40.516111,6.34,6376
257.008333,35.935278,5.39,6377
257.594583,-15.724722,2.43,6378
255.417500,75.297222,6.21,6379
258.038333,-43.239167,3.33,6380
258.067500,-39.506944,5.67,6381
258.068750,-38.822222,6.30,6382
257.071250,50.842222,6.46,6383
258.555000,-56.888333,6.09,6384
257.690833,12.467222,6.57,6385
258.056667,-25.254722,6.54,6386
258.104167,-27.761944,6.14,6387
257.388750,40.777222,5.08,6388
258.244583,-32.438611,6.01,6389
257.938333,7.894722,6.33,6390
257.763333,24.237778,6.19,6391
258.615417,-39.766944,6.60,6392
258.115833,10.585278,5.33,6393
258.226667,0.351944,6.65,6394
257.627500,52.408889,6.29,6395
257.196667,65.714722,3.17,6396
258.830417,-33.548333,5.53,6397
258.899583,-38.593889,5.96,6398
257.917500,49.746667,6.04,6399
260.053333,-70.045556,6.53,6400
258.837500,-26.602778,5.11,6401
258.836667,-26.601389,5.07,6402
258.964583,-30.210556,6.21,6403
258.834583,-14.583889,5.99,6404
259.089583,-35.749444,6.12,6405
258.662083,14.390278,3.48,6406
258.663333,14.390000,5.39,6407
259.801667,-59.694444,5.91,6408
259.265417,-32.662778,5.55,6409
258.757917,24.839167,3.14,6410
260.524583,-70.123333,5.41,6411
259.059167,2.186111,6.17,6412
259.178333,-6.245000,6.09,6413
259.132083,1.210556,5.88,6414
259.152917,-0.445278,4.73,6415
259.763333,-46.633889,5.48,6416
260.497500,-67.770556,4.78,6417
258.761667,36.809167,3.16,6418
258.923333,23.742778,5.96,6419
259.700000,-44.129722,5.76,6420
258.135833,62.874444,5.56,6421
259.585000,-32.553333,6.36,6422
259.876250,-50.063333,6.27,6423
259.502917,-24.286944,5.20,6424
259.502083,-24.284167,6.80,6425
259.738333,-34.989722,5.91,6426
259.852083,-44.223056,6.65,6427
259.580000,-16.311944,6.43,6428
262.863750,-80.859167,5.88,6429
259.399583,23.090833,6.45,6430
259.331250,33.100000,4.82,6431
259.520833,17.318056,6.00,6432
259.654167,10.864444,5.03,6433
259.720000,6.085278,6.51,6434
259.972083,-17.756389,6.02,6435
259.417917,37.291667,4.65,6436
259.202500,49.691111,7.48,6437
260.729167,-58.010278,5.88,6438
259.997917,-5.917222,6.32,6439
261.004583,-62.864167,5.70,6440
260.142500,-19.332778,6.52,6441
260.778750,-56.525278,5.80,6442
259.702083,28.823056,5.65,6443
259.597083,38.811389,5.94,6444
260.250833,-21.112778,4.39,6445
260.207083,-12.846944,4.33,6446
261.077917,-60.673611,5.77,6447
259.122500,60.670556,6.32,6448
260.219583,-10.696111,6.46,6449
260.664167,-37.805000,6.41,6450
260.817083,-47.468333,5.25,6451
260.078750,18.057222,5.00,6452
260.502500,-24.999444,3.27,6453
260.658333,-35.910000,6.47,6454
260.040833,25.537500,5.38,6455
260.728750,-37.220556,5.93,6456
260.225833,24.499444,5.12,6457
260.165000,32.467778,5.39,6458
260.840000,-28.143056,5.35,6459
261.054167,-44.162500,5.12,6460
261.325000,-55.530000,2.85,6461
261.348333,-56.377500,3.34,6462
260.389167,16.730833,6.35,6463
260.087917,46.240833,5.59,6464
260.713750,-2.388333,6.29,6465
260.380000,28.758056,6.35,6466
260.140000,48.188333,6.43,6467
261.500000,-50.633611,5.23,6468
260.431667,39.974444,5.51,6469
261.261250,-34.696389,6.16,6470
262.032083,-63.036389,6.24,6471
261.175000,-21.441667,5.85,6472
261.154583,-18.445833,6.21,6473
261.275833,-24.243611,6.19,6474
261.734583,-51.949167,6.19,6475
260.990000,8.852778,5.77,6476
261.714583,-45.843611,5.29,6477
261.801667,-50.630278,5.92,6478
260.439167,53.420556,5.67,6479
261.027500,22.960278,5.74,6480
261.131250,16.301111,5.71,6481
261.140833,15.606111,6.35,6482
261.990000,-52.297222,5.75,6483
260.919583,37.146667,5.47,6484
260.920833,37.145833,4.52,6485
261.592500,-24.175278,4.17,6486
262.161250,-55.169722,5.94,6487
261.009167,38.582778,6.49,6488
261.491250,-1.651667,6.44,6489
261.730000,-25.943333,6.44,6490
261.112917,36.951944,6.28,6491
261.838750,-29.866944,4.29,6492
261.657917,-5.086667,4.54,6493
261.906250,-29.724444,6.00,6494
261.476667,16.917500,5.98,6495
261.758750,-12.512500,6.21,6496
261.579167,7.595556,6.06,6497
261.628750,4.140278,4.34,6498
261.503750,26.878889,6.41,6499
262.774583,-60.683889,3.62,6500
262.233750,-36.778333,6.02,6501
261.704583,20.080833,5.54,6502
262.357083,-38.516667,6.39,6503
262.009583,-8.208333,6.37,6504
262.845833,-56.920556,5.95,6505
261.692500,34.695833,5.94,6506
262.207083,0.330556,5.44,6507
262.690833,-37.295833,2.69,6508
261.684167,48.260000,5.85,6509
262.960417,-49.876111,2.95,6510
261.422083,60.048333,5.65,6511
262.447500,-5.919722,6.37,6512
262.954583,-46.036389,6.03,6513
261.520417,58.651944,6.51,6514
262.599167,-1.062500,5.31,6516
262.947500,-33.702778,6.44,6517
261.250833,67.306389,6.43,6518
262.854167,-23.962778,4.81,6519
262.935000,-26.269722,6.05,6520
262.593333,11.925000,6.39,6521
263.102083,-34.279722,6.17,6522
263.280833,-41.173611,5.84,6523
262.838750,2.724444,5.59,6524
263.895417,-59.846111,6.28,6525
262.684583,26.110556,4.41,6526
263.402083,-37.103889,1.63,6527
262.730833,31.158333,5.61,6528
259.904167,80.136389,5.72,6529
263.833333,-53.352778,6.10,6530
262.667917,38.882222,6.43,6531
263.062500,11.930278,6.42,6532
262.956667,28.407500,5.62,6533
263.374583,-5.744722,5.62,6534
263.677083,-32.581667,5.70,6535
262.608333,52.301389,2.79,6536
263.915000,-46.505556,4.59,6537
263.004583,34.270833,6.56,6538
263.929167,-37.440000,6.48,6539
262.682500,57.876389,6.40,6540
263.345000,19.256667,5.64,6541
263.414167,16.317500,5.69,6542
263.428333,14.841667,6.48,6543
263.693333,-11.241944,5.55,6544
263.827083,-22.043889,6.57,6545
264.136667,-38.635278,4.29,6546
264.363333,-50.060000,5.93,6547
263.652917,9.586667,5.81,6548
264.523333,-54.500278,5.25,6549
263.280417,41.243611,5.74,6550
263.613333,16.503889,6.40,6551
270.392083,-85.214722,6.45,6552
264.330000,-42.997778,1.87,6553
263.044167,55.184167,4.88,6554
263.066667,55.173056,4.87,6555
263.733750,12.560000,2.08,6556
264.361667,-38.065556,6.26,6557
264.535417,-42.880556,6.10,6558
263.998333,20.996111,6.10,6559
263.382083,57.558889,6.17,6560
264.396667,-15.398611,3.54,6561
264.400833,-15.571111,5.94,6562
263.926667,37.301667,6.10,6563
264.032917,28.184722,6.38,6564
266.082083,-72.220833,6.49,6565
262.991250,68.135000,5.05,6566
264.461250,-8.118889,4.62,6567
264.539583,-10.926389,5.75,6568
265.098333,-49.415556,4.77,6569
264.152917,30.785278,6.02,6570
264.379583,24.310000,5.77,6571
265.317917,-46.921944,5.79,6572
263.747917,61.875000,5.23,6573
264.156667,48.585556,5.37,6574
264.785417,2.028056,6.26,6575
265.516250,-50.510556,6.24,6576
264.740833,13.329167,6.12,6577
265.049167,-2.152500,6.19,6578
264.707083,32.739444,6.37,6579
265.622083,-39.030000,2.41,6580
265.353750,-12.875278,4.26,6581
266.433333,-64.723889,3.62,6582
265.712500,-36.945833,5.54,6583
264.989583,31.202500,6.03,6584
266.036250,-51.834167,5.15,6585
266.232500,-57.545278,6.01,6586
265.778750,-33.051111,6.40,6587
264.866250,46.006389,3.80,6588
265.295833,15.178056,6.34,6589
265.384583,6.312778,5.95,6590
265.171667,31.287500,6.28,6591
265.272917,24.513333,6.36,6592
265.824167,-27.884167,6.36,6593
265.494583,15.951944,5.52,6594
265.857500,-21.683333,4.87,6595
264.237917,68.758056,4.80,6596
266.175000,-42.728889,5.87,6597
264.165417,69.570833,6.42,6598
265.156667,43.470833,6.59,6599
265.952500,-13.508611,6.39,6600
265.945833,-7.079444,6.30,6601
265.618333,24.564167,5.52,6602
265.868333,4.567222,2.77,6603
265.841667,14.295000,6.24,6604
265.150833,57.310278,6.77,6605
264.286667,72.455833,5.86,6606
265.340833,51.818056,5.99,6607
265.840000,24.327778,5.71,6608
266.141667,2.579444,6.17,6609
266.147500,2.578889,6.56,6610
266.072083,14.410278,6.19,6611
265.773333,44.084444,6.34,6612
266.780417,-38.111667,6.43,6613
267.158750,-55.401667,6.11,6614
266.896250,-40.126944,3.03,6615
266.890000,-27.830833,4.54,6616
266.940000,-22.478056,6.18,6617
265.997083,53.801667,5.75,6618
266.417917,31.504722,6.23,6619
266.903333,-14.725833,5.94,6620
267.115833,-26.975000,6.35,6621
267.617500,-53.612222,5.92,6622
266.614583,27.720556,3.42,6623
267.897917,-60.164444,5.78,6624
266.473750,38.881389,6.52,6625
266.493750,39.322500,6.68,6626
266.783333,17.697222,5.72,6627
267.293750,-31.703333,4.83,6628
266.973333,2.707222,3.75,6629
267.464583,-37.043333,3.21,6630
267.546667,-40.090556,4.81,6631
267.795833,-53.130556,6.09,6632
267.084167,3.804167,6.22,6633
268.326667,-65.489167,6.49,6634
269.424167,-76.177500,6.07,6635
265.484583,72.148889,4.58,6636
265.491667,72.156944,5.79,6637
267.103333,20.565556,5.69,6638
267.328750,1.961111,6.47,6639
267.935417,-45.600556,6.11,6640
266.783750,47.612222,6.43,6641
267.199583,19.255278,6.12,6642
267.886667,-40.772500,5.96,6643
267.205000,25.622778,5.12,6644
267.802083,-30.557222,6.66,6645
271.361250,-81.486389,6.35,6646
268.056667,-34.799167,5.90,6647
268.082083,-34.416667,5.84,6648
268.219583,-41.996667,6.20,6649
267.681250,11.946667,6.17,6650
268.205000,-34.114167,6.06,6651
268.232917,-35.018611,6.45,6652
268.241250,-35.624167,6.03,6653
267.595417,29.322222,5.50,6654
267.701667,22.316389,5.98,6655
267.267917,50.781111,5.02,6656
268.331667,-34.730556,6.17,6657
268.347083,-34.895278,5.60,6658
267.997917,-1.236667,6.35,6659
268.439583,-34.785833,6.38,6660
268.161667,-6.143611,6.21,6661
268.478750,-34.752500,5.96,6662
268.492083,-34.831667,6.42,6663
267.513750,48.394167,6.68,6664
267.993750,15.325833,6.46,6665
268.265000,-10.899722,6.18,6666
268.147500,1.305000,5.95,6667
268.613333,-34.466389,5.96,6668
267.808333,40.072500,6.46,6669
268.309167,6.101389,5.77,6670
268.782917,-36.475833,6.06,6671
268.725000,-24.887222,6.20,6672
268.019583,39.982222,6.04,6673
268.004167,46.643333,6.38,6674
269.197500,-44.342222,4.86,6675
268.559167,11.130556,6.38,6676
268.325417,40.008056,5.16,6677
269.232500,-40.305556,6.43,6678
268.979167,-18.802222,6.52,6679
269.174583,-28.065278,5.80,6680
269.079167,-15.812500,5.89,6681
269.448750,-41.716111,4.88,6682
269.490833,-39.136944,6.29,6683
269.076667,0.670278,5.82,6684
268.855000,26.050000,5.46,6685
269.198750,-4.081944,5.47,6686
268.961667,22.464167,5.58,6687
268.382083,56.872778,3.75,6688
269.267917,0.066389,5.97,6689
269.233333,6.487778,6.29,6690
269.731667,-36.858333,5.74,6691
269.662917,-28.759167,6.01,6692
269.771667,-30.253056,5.16,6693
269.772917,-30.253333,7.04,6694
269.063333,37.250556,3.86,6695
269.362083,11.044167,6.36,6696
269.309583,23.995833,6.30,6697
269.756667,-9.773611,3.34,6698
268.848750,55.971389,6.10,6699
269.948333,-23.816111,4.76,6700
267.362500,76.962778,5.04,6701
269.201667,45.350833,6.02,6702
269.441250,29.247778,3.70,6703
270.000417,-20.339167,6.21,6704
269.151667,51.488889,2.23,6705
269.902917,-4.821389,5.87,6706
269.625833,30.189444,4.41,6707
270.451250,-36.377778,6.30,6708
270.064583,0.629444,6.37,6709
270.120833,-3.690278,4.62,6710
269.676250,36.287778,6.00,6711
270.065833,4.368611,4.64,6712
270.014167,16.750833,4.67,6713
270.161250,2.931667,3.97,6714
270.346250,-17.156944,6.28,6715
270.476667,-22.780556,5.77,6716
267.543750,78.306667,6.24,6717
269.717917,45.476111,6.48,6718
270.220417,6.268333,6.34,6719
270.115417,19.505833,6.50,6720
283.695417,-87.605833,5.28,6721
270.238333,15.093333,6.26,6722
270.438333,1.305278,4.45,6723
270.712917,-24.282222,5.34,6724
268.796667,72.005000,5.45,6725
270.151667,33.213889,5.99,6726
270.757083,-22.718333,6.74,6727
269.984167,45.501389,5.67,6728
270.374583,21.595278,5.18,6729
270.376667,21.595556,4.96,6730
272.815417,-75.891389,5.86,6731
270.692917,-5.358611,6.76,6732
270.770833,-8.180278,5.94,6733
270.770417,-8.180556,5.24,6734
268.610833,75.170833,6.36,6735
270.968333,-24.360556,5.97,6736
270.399583,33.311389,6.15,6737
270.596250,20.833611,5.28,6738
271.210000,-35.901389,6.00,6739
271.951250,-64.550000,6.41,6740
270.625417,22.923056,6.21,6741
271.255417,-29.580000,4.69,6742
271.657917,-50.091667,3.66,6743
270.811250,19.613056,6.50,6744
272.145000,-63.668333,4.35,6745
271.452083,-30.424167,2.99,6746
271.155417,1.919167,6.14,6747
271.598750,-36.019722,5.95,6748
271.707500,-43.424722,5.77,6749
271.707500,-43.424722,5.77,6750
273.143750,-73.671667,5.85,6751
271.363750,2.499444,4.03,6752
270.787500,48.464444,6.21,6753
271.167500,23.942500,6.34,6754
271.530833,-8.323889,5.85,6755
271.563333,-4.751389,5.77,6756
271.530833,-0.446667,6.34,6757
271.430417,12.003889,7.04,6758
272.125417,-45.767222,6.15,6759
272.490000,-59.040000,6.38,6760
272.608750,-62.002222,5.49,6761
271.797500,-21.443889,6.28,6762
271.375833,21.646944,6.15,6763
271.180000,40.084167,6.52,6764
271.507917,22.218889,5.06,6765
272.020833,-28.457222,4.57,6766
271.253333,41.946667,6.34,6767
271.456667,32.230556,5.71,6768
271.951667,-17.154167,5.52,6769
271.826667,8.733889,4.64,6770
271.837500,9.563889,3.73,6771
272.343333,-36.672500,6.58,6772
272.225417,-25.472500,6.61,6773
273.600417,-70.751389,6.73,6774
271.756250,30.561944,5.04,6775
271.951667,13.071111,6.63,6776
272.499583,-32.719722,6.43,6777
272.768750,-47.513056,6.07,6778
271.885833,28.762500,3.83,6779
272.523750,-30.728611,5.53,6780
271.956250,26.101389,5.86,6781
271.956250,26.097500,5.90,6782
272.807500,-45.954444,4.53,6783
272.140417,14.284722,6.37,6784
272.430833,-13.934444,6.39,6785
272.773333,-41.359167,5.86,6786
272.189583,20.814444,4.36,6787
272.730000,-33.799722,6.16,6788
263.053750,86.586389,4.36,6789
271.722917,50.822778,6.29,6790
271.870000,43.461667,5.00,6791
271.776250,49.710556,6.32,6792
272.009167,36.401389,5.48,6793
272.220417,20.045278,5.10,6794
272.390833,3.993333,5.73,6795
273.567500,-63.689444,6.47,6796
272.475000,3.119722,5.69,6797
272.811667,-19.842222,6.36,6798
272.292500,30.469444,6.38,6799
272.667917,3.324167,5.51,6800
272.930833,-23.701111,4.98,6801
272.992500,-28.901389,6.51,6802
272.536250,16.476667,6.09,6803
273.302500,-41.336111,5.47,6804
273.920417,-63.055556,5.60,6805
272.406250,38.457500,6.40,6806
272.495833,36.466389,5.58,6807
274.503750,-68.229167,6.33,6808
270.014167,80.000833,6.04,6809
270.038333,80.004167,5.68,6810
262.700000,86.968056,5.79,6811
273.440833,-21.058889,3.86,6812
273.291667,-4.011667,6.59,6813
272.937917,33.446944,5.88,6814
272.975833,31.405278,4.97,6815
273.566250,-21.713056,5.44,6816
272.631667,54.286667,5.95,6817
273.969583,-44.206667,5.46,6818
274.281250,-56.023333,5.33,6819
273.318750,21.880278,6.12,6820
274.253750,-51.068333,6.06,6821
273.803750,-20.728333,5.38,6822
273.803750,-20.388056,5.95,6823
273.177500,41.146944,6.36,6824
273.878333,-18.661389,6.07,6825
273.270000,38.773611,6.04,6826
272.779583,60.409444,6.49,6827
274.917500,-63.886944,6.18,6828
275.900417,-75.044167,5.47,6829
273.991667,-3.617500,6.36,6830
273.683333,29.207222,6.56,6831
274.406667,-36.761667,3.11,6832
274.400417,-34.107222,6.16,6833
274.023333,2.377778,6.01,6834
274.350000,-28.652500,6.19,6835
274.348750,-28.289167,6.40,6836
277.331250,-80.232778,5.95,6837
274.298333,-17.373889,5.75,6838
274.666667,-42.288333,6.30,6839
274.221250,-3.007222,6.00,6840
274.368750,-18.463333,6.54,6841
274.513333,-27.042500,4.65,6842
274.350833,-9.758611,6.31,6843
274.270000,1.005833,6.63,6844
273.911667,42.159444,5.59,6845
274.673750,-25.604722,6.51,6846
273.885833,45.209444,6.29,6847
274.680417,-18.619444,6.84,6848
273.671250,56.588333,6.37,6849
273.474167,64.397222,5.03,6850
274.512083,13.776944,6.30,6851
274.532083,18.131389,5.99,6852
274.278333,40.936667,6.11,6853
274.532083,23.296667,6.63,6854
275.806667,-61.493889,4.36,6855
275.230417,-37.487500,6.45,6856
274.789583,7.259722,5.39,6857
275.036667,-15.831667,5.39,6858
275.248750,-29.828056,2.70,6859
274.794583,24.446111,5.27,6860
275.380833,-24.915000,6.25,6861
275.577500,-38.656944,5.10,6862
275.346250,-18.860000,5.75,6863
275.500833,-28.430000,6.16,6864
273.820833,68.755833,5.95,6865
275.217083,3.377222,4.86,6866
274.967083,29.666111,5.99,6867
275.074583,21.961389,4.95,6868
275.327500,-2.898889,3.26,6869
275.721250,-36.669444,5.34,6870
276.381250,-63.021389,6.14,6871
274.965417,36.064444,4.33,6872
275.368750,5.435833,6.13,6873
275.870417,-36.238333,5.55,6874
276.075833,-44.110278,5.25,6875
275.237917,29.858889,5.63,6876
275.254167,28.870000,5.12,6877
275.759167,-10.218611,6.33,6878
276.042917,-34.384722,1.85,6879
274.983750,51.347778,6.30,6880
275.800833,-12.014722,5.73,6881
275.536250,23.285278,5.41,6882
275.647083,12.028889,5.89,6883
275.914583,-8.934167,4.68,6884
275.704167,17.826667,5.25,6885
275.279583,49.725556,6.40,6886
275.762083,16.688056,6.22,6887
276.256250,-30.756667,5.60,6888
276.340417,-35.991667,6.15,6889
276.014583,-3.583333,6.38,6890
275.386250,49.121667,5.05,6891
276.175417,-7.075278,6.31,6892
276.477500,-33.945278,6.30,6893
276.724583,-48.116944,5.46,6894
275.924583,21.769722,3.84,6895
276.337500,-20.541667,4.81,6896
276.743333,-45.968333,3.51,6897
276.237500,-1.579444,6.15,6898
278.230417,-73.965556,5.89,6899
276.286667,5.084722,6.74,6900
275.989167,38.739167,6.36,6901
276.411667,8.031944,5.65,6902
276.057500,39.507222,5.12,6903
276.243750,27.395278,6.27,6904
277.207917,-49.070833,4.13,6905
276.480833,14.966667,6.37,6906
276.956250,-29.816389,5.92,6907
277.486250,-57.523056,5.76,6908
276.932500,-26.634722,6.31,6909
277.112917,-38.995556,5.64,6910
275.949167,53.300833,6.32,6911
280.558750,-81.807778,6.27,6912
276.992500,-25.421667,2.81,6913
277.025833,-26.757222,6.27,6914
277.303750,-43.845833,6.36,6915
277.843333,-62.278333,4.64,6916
276.495000,29.828889,5.83,6917
276.802083,0.196111,5.21,6918
276.985417,-17.800000,6.20,6919
275.189583,71.337778,4.22,6920
277.320000,-38.851111,6.63,6921
277.482500,-47.220278,5.70,6922
275.977083,58.800556,4.98,6923
276.670417,26.449444,6.53,6924
276.959583,3.748611,6.07,6925
277.239167,-26.581667,6.50,6926
275.264167,72.732778,3.57,6927
276.995000,6.194167,5.73,6928
277.341667,-25.256389,6.59,6929
277.299583,-14.565833,4.70,6930
277.762500,-41.913611,6.04,6931
277.445000,-14.581667,5.96,6932
277.549583,-18.728889,5.66,6933
277.939167,-45.915000,4.96,6934
277.420833,-1.985278,5.39,6935
277.770000,-32.989167,5.34,6936
277.984167,-43.507778,5.72,6937
278.008333,-45.757222,5.07,6938
278.372917,-58.709167,6.44,6939
277.559583,-5.724167,6.28,6940
277.521250,4.065278,6.69,6941
278.089167,-39.703889,5.16,6942
277.398750,23.866111,5.90,6943
277.859583,-18.402778,5.14,6944
276.496250,65.563611,4.82,6945
277.857083,-10.795833,5.72,6946
277.972083,-19.125000,6.68,6947
278.253750,-39.892222,6.22,6948
276.926250,59.549167,6.43,6949
277.673333,20.815278,6.50,6950
278.375833,-42.312500,4.64,6951
278.347083,-38.720278,6.32,6952
278.346250,-38.726111,5.65,6953
278.630000,-52.891944,6.22,6954
277.768333,16.928611,5.77,6955
278.086667,-14.644167,6.37,6956
277.987500,-1.003056,5.94,6957
278.029167,3.659722,6.43,6958
278.180417,-14.865556,5.50,6959
278.490833,-33.016667,5.28,6960
278.472917,-24.032500,5.49,6961
278.412500,-14.853611,5.76,6962
278.345417,-5.911389,6.36,6963
282.991250,-83.316389,7.16,6964
278.636667,-24.222500,6.51,6965
278.192500,23.616944,5.84,6966
278.347083,8.268333,6.42,6967
278.207917,30.554167,5.48,6968
278.838750,-20.840833,6.48,6969
278.760000,-10.977222,5.14,6970
278.346250,30.892500,6.59,6971
278.998750,-29.699167,6.37,6972
278.801667,-8.244167,3.85,6973
278.047500,52.115556,6.56,6974
278.581667,20.466389,6.57,6975
278.697917,10.891667,6.40,6976
278.802500,18.203333,5.78,6977
278.143750,57.045556,4.77,6978
277.811667,65.436111,6.59,6979
278.876667,23.605556,5.61,6980
278.971667,16.975556,6.21,6981
280.758750,-71.428056,4.01,6982
278.486250,52.353611,5.36,6983
278.806250,34.457778,6.10,6984
279.115833,9.122500,5.39,6985
279.809583,-47.909722,5.86,6986
279.162917,6.671944,5.45,6987
279.476667,-21.397778,5.94,6988
279.519167,-14.004722,6.47,6989
279.627917,-23.505000,5.81,6990
279.895833,-43.186111,5.37,6991
279.302500,11.421667,6.42,6992
279.400000,-0.309444,5.75,6993
281.955833,-77.867222,6.39,6994
279.287500,16.198333,6.29,6995
280.593750,-64.643056,6.37,6996
279.155000,33.468889,5.42,6997
279.722500,-21.051944,5.86,6998
279.598750,-3.193611,6.49,6999
279.579583,-1.113333,6.66,7000
279.234583,38.783611,0.03,7001
279.587500,8.833889,6.40,7002
279.190000,43.221944,6.20,7003
280.905000,-64.551111,5.78,7004
280.377500,-48.095000,6.49,7005
277.437083,77.546944,5.64,7006
280.002083,-7.790556,5.84,7007
279.903750,5.264167,6.38,7008
279.527083,39.668056,6.04,7009
279.965000,7.358333,6.28,7010
280.465000,-23.833333,6.23,7011
281.362083,-64.871389,4.79,7012
279.055417,65.488611,6.06,7013
280.427083,-14.564167,6.42,7014
281.297917,-61.095000,6.04,7015
280.008333,30.849444,6.36,7016
279.887917,40.935000,6.25,7017
279.389583,62.526667,5.74,7018
280.050833,38.367222,6.45,7019
280.568333,-9.052500,4.72,7020
280.945417,-38.323611,5.13,7021
281.348750,-56.881667,6.22,7022
280.730000,-19.283889,6.35,7023
280.650417,-7.073333,6.15,7024
276.038333,83.175278,6.17,7025
281.032083,-36.718611,6.32,7026
282.431250,-72.994722,6.06,7027
279.970000,52.196111,6.00,7028
281.080833,-35.641944,4.87,7029
280.422083,31.617778,6.41,7030
281.238333,-39.686389,5.43,7031
280.880417,-8.275278,4.90,7032
280.533750,34.746667,6.47,7033
280.964167,-6.818611,6.31,7034
281.206667,-25.011111,5.83,7035
282.157500,-65.077778,5.73,7036
281.746250,-50.094444,6.54,7037
281.327917,-21.001389,6.36,7038
281.414167,-26.990833,3.17,7039
281.207917,2.060000,5.02,7040
280.819583,39.300278,6.45,7041
280.234583,62.749722,6.09,7042
280.900417,36.556667,6.01,7043
280.965000,31.926667,5.70,7044
281.505000,-19.606389,6.42,7045
281.585833,-22.392222,5.37,7046
281.167500,23.589722,6.31,7047
281.368333,5.499722,5.83,7048
280.657917,55.539444,5.04,7049
281.935833,-40.406111,5.24,7050
281.085000,39.670000,5.06,7051
281.084583,39.671111,6.02,7052
281.095417,39.613056,5.14,7053
281.095417,39.612778,5.37,7054
281.680417,-10.125000,5.71,7055
281.193333,37.605000,4.36,7056
281.200833,37.594444,5.73,7057
281.398750,21.985000,6.51,7058
281.618750,-0.961667,5.90,7059
280.870833,53.871944,6.11,7060
281.415417,20.546389,4.19,7061
282.210417,-43.680000,5.49,7062
281.793750,-4.747778,4.22,7063
281.518750,26.662222,4.83,7064
282.364167,-45.810278,5.81,7065
281.870833,-5.705000,5.20,7066
281.672500,18.705833,6.17,7067
282.395833,-43.433889,5.61,7068
281.755417,18.181389,4.36,7069
282.321667,-34.748611,6.62,7070
281.230833,54.896667,6.23,7071
282.188750,-18.601389,6.47,7072
281.554167,41.441667,6.07,7073
283.054167,-62.187500,4.22,7074
281.075833,61.048056,5.99,7075
282.011250,4.241389,6.21,7076
282.397917,-19.142222,6.75,7077
282.417083,-20.324722,5.24,7078
282.068333,23.514167,6.15,7079
281.745833,46.315000,6.52,7080
281.989583,31.756944,6.06,7081
280.792500,70.792778,6.44,7082
282.420833,-5.912778,5.99,7083
281.679583,52.988056,5.88,7084
282.404583,0.835833,6.25,7085
282.222500,19.328611,5.88,7086
283.165000,-52.107500,5.17,7087
282.710417,-22.162222,6.61,7088
282.583333,-7.907500,6.80,7089
281.916667,49.075000,6.40,7090
282.310000,25.046389,6.59,7091
283.112917,-46.595278,5.54,7092
283.300417,-51.931111,6.31,7093
282.743750,-9.774167,5.83,7094
283.260417,-48.360000,6.19,7095
282.067083,48.767500,6.12,7096
283.248333,-46.585833,6.19,7097
282.433333,31.629167,6.64,7098
282.690000,10.976389,6.55,7099
282.441250,32.812778,5.91,7100
282.842083,-3.317778,6.10,7101
282.470417,32.550833,5.25,7102
283.118750,-26.650278,6.29,7103
283.154167,-29.379444,6.13,7104
283.173750,-30.734167,6.63,7105
282.520000,33.362778,3.45,7106
284.237500,-67.233611,4.44,7107
283.634583,-49.878611,6.60,7108
283.007917,13.965556,6.14,7109
283.257917,-9.576111,6.34,7110
284.227917,-62.801111,6.48,7111
282.899583,28.783611,6.18,7112
283.068333,21.425278,5.48,7113
283.500417,-21.359722,5.69,7114
282.902083,36.538611,6.09,7115
283.542500,-22.745000,4.83,7116
281.444583,74.085556,5.27,7117
283.029583,41.383333,6.28,7118
283.679583,-15.603056,5.10,7119
283.779583,-22.671389,4.99,7120
283.816250,-26.296667,2.02,7121
284.070417,-42.710556,5.36,7122
282.895833,52.975000,5.51,7123
281.592500,75.433889,5.35,7124
282.800417,59.388333,4.66,7125
283.879167,-16.376667,5.79,7126
284.651667,-60.200556,5.14,7127
284.002500,-23.173611,5.93,7128
284.168750,-37.343333,5.38,7129
285.014583,-66.653333,6.01,7130
283.431667,36.971667,5.58,7131
283.555000,27.909444,5.62,7132
283.687083,22.645000,4.59,7133
284.615417,-52.938611,4.87,7134
283.864583,6.615278,5.57,7135
284.394583,-39.823333,6.31,7136
283.306667,50.708333,4.92,7137
283.559583,41.225556,7.30,7138
283.625833,36.898889,4.30,7139
283.718750,33.968611,6.02,7140
284.055000,4.203611,4.62,7141
284.060833,4.201944,4.98,7142
284.094583,-1.800000,6.22,7143
284.106667,2.471111,6.15,7144
284.335417,-20.656389,5.08,7145
283.717500,41.602778,5.44,7146
284.016250,17.995000,6.63,7147
284.025833,18.105278,5.69,7148
284.265417,-5.846111,4.83,7149
284.432500,-21.106667,3.51,7150
284.588750,-31.036111,6.12,7151
284.680833,-37.107500,4.87,7152
283.442917,57.486944,6.22,7153
283.696250,48.859722,5.77,7154
284.585417,-24.876667,6.62,7155
284.796250,-39.534722,6.49,7156
283.833750,43.946111,4.04,7157
284.319167,2.535278,5.57,7158
284.602500,-22.529444,6.14,7159
281.408750,79.942500,6.39,7160
285.873750,-68.755278,5.88,7161
284.256667,32.901389,5.22,7162
284.599167,6.240278,6.21,7163
284.861667,-18.566944,6.37,7164
284.561250,17.360833,5.38,7165
284.849167,-12.840556,5.53,7166
284.695417,13.906667,5.89,7167
285.103333,-24.942222,6.36,7168
285.263333,-37.060833,6.69,7169
285.267917,-37.061944,6.40,7170
284.687917,19.794167,6.50,7171
284.773750,13.622500,5.23,7172
284.822917,10.140833,6.75,7173
284.507917,38.266111,5.89,7174
284.187500,57.815000,5.66,7175
284.905833,15.068333,4.02,7176
285.536250,-41.910000,6.23,7177
284.735833,32.689444,3.24,7178
284.694167,40.679167,6.22,7179
283.599583,71.297222,4.82,7180
284.939583,26.230556,5.27,7181
285.407500,-22.695556,6.24,7182
284.992083,22.814722,6.29,7183
284.368333,58.225278,6.46,7184
284.801250,39.217778,6.41,7185
285.389583,-15.282500,6.32,7186
284.106667,65.258056,5.63,7187
285.778750,-42.095278,4.75,7188
285.989167,-51.018611,5.93,7190
284.322500,62.396667,6.45,7191
285.003750,32.145556,4.93,7192
285.420000,-5.738889,4.02,7193
285.652917,-29.880278,2.60,7194
285.615417,-24.846944,5.65,7195
284.748333,50.809444,6.30,7196
285.823750,-38.253333,5.74,7197
285.272917,19.309722,6.39,7198
283.388333,75.787500,6.22,7199
285.344167,20.833611,6.69,7200
285.079167,40.684167,6.65,7201
285.322500,26.291389,5.69,7202
285.765833,-19.245278,6.05,7203
285.230000,33.802222,6.01,7204
285.779167,-19.103333,6.37,7205
285.395417,25.025833,6.72,7206
285.456250,22.263889,6.40,7207
285.590000,8.374167,6.30,7208
285.727083,-3.698889,5.42,7209
285.057083,50.533611,5.38,7210
286.104583,-31.046944,5.50,7211
285.451250,33.621389,6.39,7212
286.582917,-52.340833,5.16,7213
285.884167,1.818889,5.83,7214
285.360000,46.934722,5.01,7215
285.719167,19.661111,6.09,7216
286.170833,-21.741667,3.77,7217
285.180833,55.658333,5.48,7218
286.044583,3.330556,6.73,7219
286.100833,-5.685000,6.90,7220
287.469583,-68.424722,5.33,7221
285.927083,21.267778,6.52,7222
286.731667,-48.299167,5.97,7223
284.719167,69.531111,6.52,7224
286.240000,-4.031389,5.42,7225
286.604583,-37.063333,4.93,7226
286.604583,-37.063333,4.99,7227
317.192500,-88.956389,5.47,7228
285.529167,52.261111,6.31,7229
286.421667,-15.660278,5.97,7230
286.327500,-1.512778,6.53,7231
286.718750,-37.810278,6.16,7232
287.217083,-55.720278,6.49,7233
286.735000,-27.670556,3.32,7234
286.352500,13.863333,2.99,7235
286.562083,-4.882500,3.44,7236
286.241250,31.744444,5.56,7237
286.242917,30.733333,6.06,7238
286.717917,-16.228889,6.03,7239
286.878750,-28.636944,6.04,7240
286.785417,-18.737778,6.29,7241
287.087083,-40.496667,4.59,7242
286.592500,8.230000,6.09,7243
286.446250,29.921667,6.31,7244
286.787917,0.641667,6.56,7245
287.060833,-24.656944,6.30,7246
284.488333,77.050833,6.54,7247
286.744167,11.071389,5.09,7248
287.069583,-19.290000,5.54,7249
286.660000,24.250833,5.77,7250
286.230000,53.396667,5.38,7251
286.291250,49.923333,6.43,7252
286.657083,28.628611,5.55,7253
287.367917,-37.904444,4.11,7254
287.415417,-39.828056,6.46,7255
287.401667,-36.164722,6.56,7256
287.490833,-41.892500,5.88,7257
286.570833,41.413889,6.49,7258
287.507083,-39.340833,4.11,7259
286.988750,16.853333,6.07,7260
286.856667,32.501667,5.23,7261
286.825417,36.100278,5.28,7262
287.015000,21.698889,6.23,7263
287.440833,-21.023611,2.89,7264
287.450417,-19.803611,6.13,7265
287.249583,6.073333,5.22,7266
287.167500,16.851389,6.48,7267
287.757500,-39.005000,6.36,7268
287.465000,-0.428056,6.34,7269
287.828750,-29.502222,6.30,7270
288.192083,-50.486389,6.13,7271
287.268333,34.600556,6.74,7272
288.040833,-37.582778,6.57,7273
289.118750,-69.190556,6.27,7274
287.107500,52.425556,5.81,7275
288.116667,-21.658056,6.41,7276
288.307083,-25.906667,5.80,7277
289.300000,-66.661389,5.53,7278
288.169583,-7.939444,5.34,7279
287.878750,26.735833,6.36,7280
288.665417,-45.193333,5.92,7281
288.314583,-12.282500,5.51,7282
287.941667,31.283333,5.98,7283
287.846250,40.429167,6.18,7284
288.143333,16.846389,6.73,7285
288.152917,21.554444,5.93,7286
288.427917,2.293611,5.15,7287
288.433750,5.515833,6.49,7288
289.090417,-45.466389,5.40,7289
287.440833,65.978611,6.25,7290
288.888333,-24.179167,6.25,7291
288.885000,-25.256667,4.85,7292
288.019167,49.854167,6.75,7293
288.020833,49.856111,6.57,7294
287.918750,56.859167,5.12,7295
289.136667,-33.521667,6.25,7296
289.539167,-53.386667,6.38,7297
288.439583,39.146111,4.39,7298
288.760833,20.203333,6.00,7299
288.833750,15.083611,5.57,7300
288.822500,21.232222,5.64,7301
288.853333,30.526389,5.85,7302
289.129167,4.834722,5.59,7303
289.408750,-18.953056,4.96,7304
288.987500,27.455556,6.54,7305
289.054167,21.390278,4.77,7306
289.111667,14.544722,5.63,7307
288.997500,27.926944,6.16,7308
288.480000,57.705000,4.99,7309
288.138750,67.661667,3.07,7310
288.830417,50.070833,6.27,7311
287.290833,76.560556,5.13,7312
289.450833,2.031667,6.19,7313
289.092083,38.133611,4.36,7314
289.454167,11.595278,5.28,7315
289.916667,-35.421389,5.59,7316
289.750417,-15.536389,6.06,7317
289.431667,23.025556,5.43,7318
289.635417,1.085278,5.10,7319
291.022500,-68.371111,6.34,7320
289.712083,0.339167,6.41,7321
289.214167,46.999167,6.00,7322
290.109167,-31.817778,6.58,7323
289.503333,31.022222,6.68,7324
289.719583,9.618056,6.32,7325
289.702083,19.610556,6.58,7326
290.158750,-22.402500,5.58,7327
289.275833,53.368611,3.77,7328
290.712917,-54.423611,5.05,7329
290.374583,-34.983889,6.48,7330
289.913750,12.374722,5.53,7331
289.970833,11.535000,6.02,7332
290.137083,-5.415833,5.01,7333
290.540000,-42.016111,6.34,7334
289.765833,33.388889,6.60,7335
290.148750,-0.892222,5.49,7336
290.659583,-44.458889,4.01,7337
289.755000,37.445278,6.22,7338
290.404583,-19.234167,6.26,7339
290.418333,-17.847222,3.93,7340
289.657083,49.569722,6.31,7341
290.431667,-15.955000,4.61,7342
290.805000,-44.799722,4.29,7343
290.462083,-18.308333,5.87,7344
289.912083,37.330556,6.31,7345
290.137917,35.186111,6.31,7346
290.586250,-8.201111,6.31,7347
290.971667,-40.616111,3.97,7348
290.589583,-0.252500,5.83,7349
291.089167,-43.723056,6.17,7350
289.902083,54.376111,6.26,7351
288.887500,73.355556,4.45,7352
290.769167,-7.400278,6.32,7353
290.701667,9.913056,6.35,7354
291.125417,-27.865556,6.04,7355
290.067083,57.645278,5.91,7356
290.784167,14.921111,6.64,7357
290.712083,26.262500,5.18,7358
290.639167,33.518056,6.06,7359
291.267083,-29.309167,5.93,7360
289.942083,64.390833,6.52,7361
291.318750,-24.508611,5.03,7362
291.373750,-23.962222,5.43,7363
290.945417,20.264444,6.40,7364
290.355833,57.766944,6.43,7365
291.256667,-4.884167,6.52,7366
291.340000,-13.896944,5.69,7367
290.891667,33.222222,6.37,7368
291.092083,16.937778,6.25,7369
291.950417,-54.325278,5.69,7370
290.167083,65.714722,4.59,7371
291.031667,29.621389,4.97,7372
291.242500,11.944444,5.16,7373
291.093333,28.087778,6.53,7374
291.580000,-21.776667,5.59,7375
291.025417,36.451944,6.36,7376
291.374583,3.114722,3.36,7377
291.546250,-15.053056,5.72,7378
291.602500,-14.551111,6.70,7379
291.735417,-29.743333,5.67,7380
290.849167,50.271389,6.51,7381
290.985417,43.388056,5.84,7382
292.795417,-68.433889,5.96,7383
291.343333,20.271389,6.31,7384
291.369167,19.798611,5.16,7385
291.357500,24.912778,6.19,7386
291.629583,0.338611,4.66,7387
292.469167,-55.441389,6.13,7388
291.600417,13.023889,5.74,7389
291.555000,20.097778,5.63,7390
291.619583,19.891389,5.81,7391
292.349583,-43.445833,5.71,7392
292.643750,-55.110000,6.30,7393
259.236667,89.037778,6.38,7394
291.537917,36.317778,5.15,7395
291.891250,14.282500,6.32,7396
292.086667,2.930278,5.85,7397
292.467500,-26.985556,5.52,7398
292.561250,-32.092222,6.60,7399
292.254167,1.950278,5.80,7400
291.444583,58.027222,6.60,7401
292.339583,-7.043889,6.61,7402
291.902083,37.941111,6.34,7403
292.325000,0.246111,6.25,7404
292.176250,24.665000,4.44,7405
292.237500,24.768611,5.81,7406
292.342083,14.595833,5.56,7407
291.857917,52.320556,5.75,7408
292.337083,20.279722,6.33,7409
292.725000,-21.312222,6.13,7410
293.224167,-53.185833,5.75,7411
292.543750,2.904167,6.09,7412
291.610417,62.557222,6.38,7413
292.665833,-2.788889,5.03,7414
292.637917,3.444444,6.05,7415
293.340000,-45.271944,5.61,7416
292.680417,27.959722,3.08,7417
292.688750,27.965278,5.11,7418
292.695417,36.228611,6.25,7419
292.426250,51.729722,3.79,7420
292.840833,26.617222,5.87,7421
293.535417,-40.034722,5.89,7422
290.417500,79.602778,6.05,7423
293.804167,-48.099167,4.90,7424
288.782500,83.462778,6.53,7425
292.942917,34.453056,4.74,7426
292.830417,50.306667,5.53,7427
292.806667,55.731944,6.37,7428
293.522500,7.378889,4.45,7429
293.780417,-10.560278,5.12,7430
294.007083,-24.719167,5.65,7431
293.874167,-7.460278,6.34,7432
293.890000,-12.252778,6.27,7433
294.607917,-57.983333,6.18,7434
294.967083,-66.685556,6.39,7435
293.401667,38.762222,6.61,7436
293.645417,19.773333,5.00,7437
293.855000,2.913333,6.38,7438
294.108750,-18.852778,6.11,7439
294.176667,-24.883611,4.60,7440
293.712083,29.463056,5.38,7441
293.423333,49.262500,5.96,7442
294.263750,-18.231111,5.64,7443
293.671667,42.412778,5.35,7444
294.033333,11.150000,6.68,7445
294.222917,-7.027500,4.95,7446
294.180417,-1.286389,4.36,7447
293.292083,60.158611,6.29,7448
294.065833,14.391667,6.38,7449
292.750833,70.989444,6.07,7450
293.582500,51.236667,5.73,7451
294.034583,22.585833,6.32,7452
293.666250,48.164722,6.67,7453
294.393333,-14.301667,5.47,7454
295.406250,-65.854167,6.09,7455
294.218750,11.273333,5.98,7456
293.951250,36.944444,6.05,7457
294.157083,20.332778,7.14,7458
295.076250,-54.417500,6.26,7459
294.447083,-4.647500,5.46,7460
294.925000,-45.278056,6.25,7461
293.090000,69.661111,4.68,7462
294.322500,16.462778,5.66,7463
294.982083,-39.433333,6.61,7464
293.982917,50.238611,6.52,7465
294.289167,29.333611,6.43,7466
294.235833,38.383889,6.50,7467
294.157917,44.695000,5.17,7468
294.110417,50.221111,4.48,7469
294.955833,-23.427778,6.34,7470
294.704167,3.381667,6.35,7471
294.572917,20.782778,6.48,7472
295.029583,-23.428611,5.97,7473
294.798333,5.397778,5.17,7474
294.855833,16.571389,6.38,7475
295.180833,-16.293333,6.20,7476
294.486250,49.284444,6.47,7477
294.844167,30.153333,4.69,7478
295.024167,18.013889,4.37,7479
295.180417,-0.621111,5.67,7480
294.937500,33.979167,6.10,7481
295.117917,20.476667,6.50,7482
294.860417,42.818333,5.40,7483
294.671667,54.973889,5.82,7484
295.165417,23.717500,6.64,7485
295.272917,13.815556,6.01,7486
294.893333,45.958056,6.20,7487
295.262083,17.476111,4.37,7488
295.629583,-16.123889,5.06,7489
295.312083,22.452778,6.36,7490
295.906667,-37.538889,6.16,7491
295.171667,43.077778,6.16,7492
295.553333,12.193333,6.34,7493
299.006250,-81.349722,6.39,7494
295.209167,45.525000,5.06,7495
295.889583,-15.470000,5.49,7496
295.641667,11.826667,5.27,7497
297.355417,-72.503333,5.41,7498
295.489583,40.253889,6.23,7499
295.054167,60.507222,6.51,7500
295.704583,29.331667,6.49,7501
295.685833,32.426667,5.94,7502
295.453750,50.525278,5.96,7503
295.466667,50.517500,6.20,7504
295.789583,30.678611,6.05,7505
295.928750,25.771944,5.49,7506
296.505000,-31.908611,5.52,7507
295.982917,27.135556,6.28,7508
295.517083,55.463333,6.48,7509
297.005000,-56.362500,5.35,7510
296.142083,13.302778,6.26,7511
295.964167,34.162500,6.05,7512
297.472083,-66.812778,6.45,7513
295.937500,41.773056,5.84,7514
296.590417,-19.761111,4.86,7515
296.467500,-2.883333,6.48,7516
296.069167,37.354444,4.89,7517
296.202917,29.264722,6.82,7518
296.416250,7.613333,5.91,7519
296.159167,34.413889,6.57,7520
297.229583,-52.888056,6.25,7521
295.810833,58.016389,6.22,7522
296.204167,40.716667,6.34,7523
297.755417,-65.605000,6.05,7524
296.565000,10.613333,2.72,7525
295.915000,57.042500,6.27,7526
297.590417,-61.061389,6.21,7527
296.243750,45.130833,2.87,7528
296.415000,36.091111,6.43,7529
296.464167,35.012778,6.09,7530
297.686667,-59.193056,5.42,7531
297.012500,-13.703333,6.11,7532
296.664583,25.133889,6.62,7533
296.606667,33.727778,4.99,7534
296.645833,32.888611,6.18,7535
296.847083,18.534167,3.82,7536
297.557500,-47.557222,5.94,7537
297.298333,-28.788889,6.05,7538
296.952500,25.383889,5.95,7540
297.259167,-10.870833,6.04,7541
297.126667,10.694167,6.44,7542
296.865833,38.407500,5.77,7543
297.175417,11.815833,5.72,7544
296.077083,69.336944,5.92,7545
297.244583,19.142222,5.00,7546
296.861667,47.907778,6.12,7547
298.156667,-54.971111,5.74,7548
298.162500,-54.976667,6.50,7549
297.182917,35.311389,6.53,7550
297.210833,33.437222,6.44,7551
297.960833,-39.874444,5.33,7552
297.695000,-10.763611,5.39,7553
297.572917,7.902500,6.51,7554
297.364583,38.710000,6.11,7555
297.477500,28.440556,6.38,7556
297.695833,8.868333,0.77,7557
298.668333,-61.170833,6.24,7558
297.796250,-2.460833,6.13,7559
297.756667,10.415556,5.11,7560
298.050000,-19.045000,5.92,7561
297.823750,9.630278,6.25,7562
296.686250,68.438333,6.34,7563
297.641250,32.914167,4.23,7564
297.767083,22.610000,4.95,7565
297.641667,38.722500,5.12,7566
297.655417,40.599722,5.69,7567
297.695833,37.826389,6.06,7568
298.014583,11.628889,6.13,7569
298.118333,1.005556,3.90,7570
298.276667,-14.603056,6.48,7571
298.065000,10.351389,6.54,7572
298.006667,24.992222,5.57,7573
298.090833,18.671944,6.23,7574
298.327917,-3.114444,5.65,7575
297.657083,52.988056,5.03,7576
297.830833,47.377222,6.20,7577
298.573750,-23.941111,6.18,7578
299.672083,-69.163889,5.75,7579
298.344167,4.400556,6.53,7580
298.815417,-41.868333,4.13,7581
297.043333,70.267778,3.83,7582
298.067917,36.432222,6.10,7583
298.534167,-8.574167,5.79,7584
298.771250,-33.046389,6.46,7585
299.240417,-57.925556,6.53,7586
299.275833,-58.901389,5.26,7587
299.720833,-68.762222,6.39,7588
297.996250,47.027500,5.62,7589
300.147917,-72.910556,3.96,7590
298.030000,47.931944,5.91,7591
298.365417,24.079722,4.58,7592
298.656667,-8.227222,5.71,7593
298.658750,-8.237222,6.49,7594
298.562083,8.461389,4.71,7595
298.686667,0.273611,5.61,7596
298.960000,-26.299444,4.70,7597
298.667917,7.140278,6.15,7598
298.831667,-6.734167,6.51,7599
298.255000,47.807500,6.29,7600
298.629583,24.319444,5.52,7601
298.828333,6.406667,3.71,7602
300.095833,-66.949444,5.76,7603
299.236667,-27.170000,4.52,7604
299.422083,-38.058333,6.55,7605
298.701250,36.996111,5.76,7606
298.777083,30.195278,6.57,7607
298.322500,57.523611,5.14,7608
299.005417,16.634722,5.36,7609
299.059583,11.423889,5.28,7610
298.397500,59.708889,6.06,7611
300.468333,-66.944167,5.31,7612
298.965417,38.486667,4.94,7613
299.487500,-15.491389,5.02,7614
299.076667,35.083333,3.89,7615
299.250833,20.998056,6.48,7616
299.735000,-30.538056,6.28,7617
299.738333,-26.195556,4.83,7618
298.907500,52.438889,4.92,7619
299.184167,36.250833,6.02,7620
300.105417,-49.351111,6.17,7621
299.439167,16.789167,5.53,7622
299.934167,-35.276389,4.37,7623
299.963750,-34.697778,5.30,7624
300.436250,-59.376111,5.13,7625
298.842083,58.250278,6.09,7626
300.110417,-43.043333,6.14,7627
299.307917,40.368056,5.45,7628
300.066250,-37.702222,5.95,7629
300.201250,-45.113056,5.81,7630
300.084583,-33.703889,5.66,7631
299.187917,50.902500,6.43,7632
298.980833,58.846111,4.96,7633
299.079167,56.686944,6.12,7634
299.689167,19.492222,3.47,7635
299.844583,1.377778,6.17,7636
299.947500,-9.958333,5.88,7637
299.484167,42.260833,6.43,7638
300.360000,-40.814167,6.29,7639
299.658333,30.983611,5.49,7640
299.793750,23.101389,5.67,7641
299.643333,38.105556,6.32,7642
300.349583,-22.737222,6.01,7643
301.386667,-67.320833,6.07,7644
300.013750,17.516667,5.37,7645
299.835417,45.772222,5.92,7646
299.980000,37.042778,5.19,7647
300.245417,8.558056,5.91,7648
300.494167,-13.636944,5.71,7649
300.664583,-27.709722,4.58,7650
299.814167,52.055833,6.15,7651
300.889583,-37.940833,4.77,7652
300.275417,27.753611,4.64,7653
299.619583,63.534167,5.96,7654
300.313750,37.098889,6.20,7655
300.436250,24.800278,5.88,7656
300.505833,24.938056,5.22,7657
300.934583,-22.595556,6.45,7658
301.081667,-32.056389,4.99,7659
300.340000,50.104722,5.05,7660
301.005000,-7.469722,6.72,7661
300.818333,18.500556,5.96,7662
302.085417,-66.354722,6.45,7663
300.875000,16.031389,5.67,7664
302.181667,-66.181944,3.56,7665
299.674583,70.366944,6.33,7666
301.096667,-0.709444,5.68,7667
301.383750,-33.000000,6.53,7668
301.034583,7.278056,5.52,7669
300.905833,29.896667,5.71,7670
301.272500,-11.599444,6.34,7671
301.025833,17.070000,5.80,7672
301.846667,-52.880833,4.94,7673
301.896250,-55.016389,6.26,7674
301.360000,-12.665278,6.55,7675
300.368750,64.821111,5.27,7676
301.244167,23.210278,6.45,7677
301.150417,32.218611,5.64,7678
301.289583,19.991111,5.10,7679
301.360417,15.500278,6.34,7680
301.550833,-4.078333,6.47,7681
300.584583,64.634444,6.57,7682
301.290833,38.478333,6.19,7683
301.120000,48.229722,6.16,7684
300.704583,67.873611,4.51,7685
299.902500,76.481389,6.20,7686
301.277917,51.839444,6.14,7687
301.722500,23.614444,5.07,7688
301.590833,35.972500,5.36,7689
302.007500,-0.678333,5.99,7690
302.780000,-57.523889,6.37,7691
301.339583,56.341389,6.21,7692
301.959583,9.399722,6.43,7693
302.130417,-10.062778,6.18,7694
301.185833,63.890556,6.26,7695
302.027083,16.664167,6.42,7696
301.557500,53.165833,5.85,7697
306.226667,-83.310556,6.17,7698
301.922500,34.423056,6.11,7699
302.159583,10.725833,6.31,7700
301.386667,61.995556,5.39,7701
301.797917,50.229167,6.54,7702
302.799583,-36.101111,5.32,7703
301.222083,68.027222,6.28,7704
302.485833,20.915278,6.48,7705
303.099583,-42.780556,6.22,7706
303.612083,-63.415833,6.09,7707
302.356667,36.839722,4.93,7708
302.792083,-8.842222,6.49,7709
302.826250,-0.821389,3.23,7710
302.639583,26.904167,5.52,7711
302.991250,-12.392500,6.34,7712
302.764583,21.134722,6.22,7713
303.579167,-52.445556,5.65,7714
303.107917,-12.617500,5.85,7715
302.837917,21.875556,6.26,7716
303.146667,0.867500,6.27,7717
302.950000,26.808889,5.49,7718
303.002917,26.478889,5.92,7719
303.307917,-1.009444,5.47,7720
303.015833,47.736944,6.92,7721
303.822500,-27.032778,5.73,7722
303.419167,24.238889,6.56,7723
303.569167,15.197500,4.95,7724
303.960833,-30.005278,6.30,7725
303.132500,51.463611,6.01,7726
302.895417,62.078611,5.75,7727
304.098750,-36.454444,6.39,7728
304.110417,-35.197778,6.53,7729
303.325000,46.815833,4.83,7730
303.560417,28.694722,5.18,7731
304.762500,-63.231111,6.27,7732
303.428333,43.379167,6.14,7733
303.520833,36.605278,6.45,7734
303.407917,46.741389,3.79,7735
303.633333,36.806389,4.97,7736
303.590000,42.103611,6.71,7737
304.095000,-12.336944,6.32,7738
303.816250,25.591944,4.78,7739
303.349583,56.567778,4.30,7740
303.875833,23.508611,5.15,7741
303.365417,60.640556,5.79,7742
303.848750,33.729444,5.66,7743
303.942083,27.814167,4.52,7744
304.733333,-47.710833,6.31,7745
304.082083,21.598611,6.13,7746
304.412083,-12.508333,4.24,7747
304.505833,-21.810000,5.87,7748
304.824583,-47.580278,6.13,7749
302.222083,77.711389,4.39,7750
303.867917,47.714444,3.98,7751
304.014167,38.897778,6.27,7752
304.196250,24.671111,5.32,7753
304.513750,-12.544722,3.57,7754
303.930833,50.232778,6.31,7755
304.002500,45.579444,5.91,7756
304.117500,37.056389,6.48,7757
305.134583,-55.050833,6.27,7758
304.230417,40.365000,5.24,7759
304.381250,29.148056,6.22,7760
304.848333,-19.118611,5.28,7761
304.371250,42.721944,6.29,7762
304.446667,38.033056,4.81,7763
305.117083,-29.197222,6.30,7764
305.216250,-35.673611,6.46,7765
305.420833,-49.999444,6.27,7766
304.529167,40.732222,5.84,7767
304.930417,-1.078611,6.06,7768
304.619167,37.000000,5.58,7769
304.662917,34.982778,5.17,7770
304.871667,13.216944,6.21,7771
305.108750,-6.361667,6.63,7772
305.165833,-12.759167,4.76,7773
305.000833,13.548056,5.95,7774
305.194167,-14.785000,6.10,7775
305.252917,-14.781389,3.08,7776
304.706667,46.322778,6.45,7777
305.085417,14.569167,6.13,7778
305.614583,-42.049722,5.59,7779
305.089167,17.793056,5.80,7780
304.603333,55.397222,5.76,7781
304.951250,37.132500,6.57,7782
304.380417,66.853889,5.93,7783
305.063333,39.403333,6.23,7784
308.322917,-80.965000,5.77,7785
304.983750,46.837500,6.50,7786
305.971667,-42.422778,5.64,7787
305.753333,-9.654722,6.30,7788
305.514167,24.446111,5.54,7789
306.412083,-56.735000,1.94,7790
305.126667,53.596111,6.18,7791
304.902917,62.257500,5.72,7792
305.717917,14.551389,6.17,7793
305.794583,5.343056,5.31,7794
305.512500,41.131389,6.39,7795
305.557083,40.256667,2.20,7796
305.655833,31.265000,6.09,7797
305.522500,45.795000,5.58,7798
306.449583,-40.796389,6.09,7799
305.688750,41.026111,5.93,7800
306.361667,-28.663333,5.85,7801
305.731250,42.983333,6.20,7802
306.156250,1.068611,6.15,7803
305.025000,68.880278,5.55,7804
305.297500,63.980278,5.69,7805
305.965417,32.190000,4.43,7806
305.935000,37.476389,5.90,7807
306.720833,-37.403056,6.25,7808
306.427083,-2.800278,6.11,7809
306.433333,10.056389,6.33,7810
306.418750,21.409722,5.66,7811
309.577500,-81.288889,5.91,7812
306.505000,19.865000,6.41,7813
306.830000,-18.211667,5.25,7814
306.135000,53.551944,6.51,7815
306.596667,17.315556,6.22,7816
307.194583,-35.595833,6.10,7817
306.271250,59.600000,6.44,7818
307.181667,-15.741667,6.41,7819
307.031250,8.437500,6.25,7820
307.103750,-3.357778,6.13,7821
307.215000,-17.813611,4.78,7822
306.782083,34.328889,6.39,7823
307.070000,2.936944,6.21,7824
307.380417,-22.391667,6.16,7825
306.892917,38.440278,5.62,7826
306.597917,56.638889,6.36,7827
306.759583,49.383333,5.69,7828
307.468750,-18.586667,6.74,7829
307.474583,-18.583333,5.94,7830
307.412500,-2.885556,4.91,7831
307.736667,-29.112500,6.39,7832
307.337917,20.087778,6.55,7833
307.348750,30.368611,4.01,7834
307.335000,36.454722,5.88,7835
307.575000,10.895833,6.08,7836
307.767917,-15.056389,6.12,7837
308.965417,-69.611111,6.11,7838
307.742083,20.605833,6.18,7839
307.804167,11.260556,7.11,7840
307.499583,45.928611,6.41,7841
308.218333,-24.943889,6.36,7842
307.362917,56.068056,5.91,7843
307.514583,48.951667,4.95,7844
308.098750,-9.853333,5.65,7845
308.479583,-44.516111,5.11,7846
307.746667,36.935833,6.19,7847
308.895000,-60.581667,4.76,7848
307.992500,25.804444,6.34,7849
307.395417,62.994167,4.22,7850
307.828333,49.220278,5.44,7851
308.303333,11.303333,4.03,7852
308.731250,-38.089722,6.44,7853
307.837917,52.309722,6.18,7854
308.548750,-13.721111,6.13,7855
308.697500,-30.473611,6.40,7856
308.473333,10.059722,6.56,7857
308.487500,13.027222,5.38,7858
309.397083,-61.530000,4.88,7859
307.943750,56.780000,6.14,7860
308.217917,43.191667,6.60,7861
308.541667,20.985278,6.48,7862
310.512083,-76.180556,6.00,7863
310.432083,-75.350556,6.55,7864
308.884167,-16.525833,6.19,7865
308.475833,35.250833,4.61,7866
308.451667,41.772222,6.49,7867
307.502917,72.531667,6.27,7868
309.391667,-47.291389,3.11,7869
308.478750,46.693889,5.78,7870
308.827083,14.674167,4.68,7871
309.964167,-62.907778,6.22,7872
309.181667,-2.550000,4.89,7873
309.034583,25.882500,6.41,7874
310.010833,-60.548889,5.12,7875
308.710000,51.854167,6.11,7876
309.467083,-25.108889,6.36,7877
309.326250,0.096944,6.22,7878
307.876667,74.954722,5.20,7879
309.269583,26.461944,5.59,7880
310.487917,-66.760833,5.15,7881
309.387500,14.595278,3.63,7882
309.454583,11.377778,5.43,7883
309.584583,-1.105278,4.32,7884
309.382500,31.572500,6.32,7885
309.477500,18.269167,6.25,7886
309.385833,31.521944,6.49,7887
309.348333,38.328611,6.20,7888
309.818333,-14.954722,5.22,7889
309.805000,-2.412778,6.22,7890
309.630417,21.201111,4.82,7891
309.682917,13.315000,5.72,7892
310.082500,-33.431944,5.47,7893
309.632917,24.116111,5.04,7894
309.646250,23.680556,5.91,7895
309.782500,10.086111,5.05,7896
309.853750,0.486389,5.16,7897
310.048750,-23.773889,6.37,7898
309.770833,15.838056,5.97,7899
310.012500,-18.138611,5.10,7900
307.060833,81.422778,5.46,7901
310.150000,-26.645000,6.51,7902
309.794167,21.817222,6.08,7903
309.747917,30.334444,5.68,7904
310.135417,-16.124167,5.80,7905
309.909583,15.911944,3.77,7906
309.965833,11.249722,6.42,7907
307.364583,81.091389,5.96,7908
310.348750,-31.598333,5.76,7909
310.350417,-26.000000,6.28,7910
309.888750,40.579444,6.06,7911
309.846250,45.666944,6.58,7912
311.239583,-66.203056,3.42,7913
310.188333,19.935278,6.45,7914
310.720833,-39.558611,6.29,7915
309.750833,56.005000,6.48,7916
310.150833,29.805278,6.08,7917
310.317500,14.583056,5.99,7918
310.012917,43.458611,5.95,7919
311.009583,-51.921111,4.51,7920
310.260833,32.307222,5.51,7921
310.251667,39.082222,6.51,7922
310.492500,17.521389,6.22,7923
310.357917,45.280278,1.25,7924
310.074583,60.505278,6.01,7925
310.485417,41.716944,5.67,7926
310.592500,35.456111,6.66,7927
310.864583,15.074444,4.43,7928
310.552500,50.340000,5.39,7929
307.262917,83.625556,6.19,7930
311.305000,-27.247222,6.50,7931
310.850833,35.587778,6.47,7932
311.583750,-39.199167,5.50,7933
312.325417,-68.776389,5.41,7934
311.577500,-36.120278,6.49,7935
311.523750,-25.270833,4.14,7936
311.541667,-21.514167,5.93,7937
310.665417,60.601389,6.15,7938
311.218750,25.270556,4.91,7939
310.806250,57.114167,6.32,7940
311.367500,18.090278,6.38,7941
311.415417,30.719722,4.22,7942
312.121667,-43.988611,5.11,7943
311.091667,56.488056,5.78,7944
310.795833,66.657500,5.58,7945
311.765000,-2.486667,6.27,7946
311.661250,16.124444,5.14,7947
311.664583,16.124167,4.27,7948
311.552917,33.970278,2.46,7949
311.919167,-9.495833,3.77,7950
311.934167,-5.027778,4.42,7951
312.370833,-46.226944,4.89,7952
311.951250,6.008333,5.58,7953
311.949167,3.306667,6.40,7954
311.337917,57.579722,4.51,7955
311.795000,34.374167,4.92,7956
311.322500,61.838889,3.43,7957
311.660417,46.531667,6.30,7958
312.909583,-62.429167,6.28,7959
312.911667,-62.429167,6.59,7960
312.323333,-25.781389,5.86,7961
311.588333,52.995278,6.33,7962
311.852083,36.490833,4.53,7963
312.335417,-18.035833,6.21,7964
312.492083,-33.779722,4.90,7965
311.836667,45.579722,6.40,7966
311.137917,69.751944,6.41,7967
312.875417,-51.608333,5.05,7968
311.955417,47.831944,5.57,7969
312.696250,-32.054444,6.36,7970
312.752917,-37.913333,5.52,7971
311.970000,52.407222,6.27,7972
312.407500,12.545278,5.98,7973
312.451250,7.864167,6.33,7974
312.496250,5.544722,6.21,7975
312.674167,-12.545000,5.88,7976
312.234583,46.114167,4.84,7977
312.177917,51.910556,6.29,7978
312.995000,-33.177222,6.04,7979
312.955417,-26.919167,4.11,7980
312.654167,18.051389,6.52,7981
312.857083,-5.626389,5.99,7982
312.477917,46.661111,6.33,7983
312.520417,44.059444,5.04,7984
313.036250,-5.506944,5.55,7985
313.702500,-58.454167,3.65,7986
313.417500,-39.810000,5.35,7987
312.867500,28.250556,5.77,7988
313.255000,-23.783056,6.33,7989
313.163333,-8.983333,4.73,7990
313.354167,-30.718611,6.35,7991
313.645833,-50.727778,6.24,7992
312.322500,64.042222,6.45,7993
313.273333,-11.573611,6.38,7994
313.032083,27.096944,4.59,7995
313.001250,32.849167,6.44,7996
313.528333,-27.925556,6.41,7997
313.493333,-6.889722,6.44,7998
313.280833,29.649444,6.34,7999
313.699583,-17.923056,5.78,8000
313.311667,44.387222,4.78,8001
310.646667,82.531111,5.75,8002
313.327500,45.181944,5.45,8003
313.360000,42.410278,6.66,8004
313.474583,33.437778,5.47,8005
313.783750,-1.373333,6.55,8006
313.593333,28.521944,6.56,8007
313.640000,28.057500,5.01,8008
313.592917,40.703056,6.70,8009
313.919583,4.532778,6.05,8010
313.902917,13.721389,5.17,8011
313.910833,12.568611,5.58,8012
314.197083,-26.296389,5.70,8013
314.076250,-3.561389,6.57,8014
314.225000,-9.697500,5.51,8015
311.889167,80.552222,5.39,8016
314.294167,0.463611,6.05,8017
314.419167,-16.031667,5.87,8018
315.367083,-68.209722,6.37,8019
313.957500,47.417778,5.67,8020
316.179167,-77.023889,5.15,8021
314.053750,51.075000,6.63,8022
314.144583,44.925000,5.96,8023
314.674583,-14.482778,6.01,8024
314.106250,50.728611,5.81,8025
314.107917,49.195833,5.90,8026
315.089583,-51.265278,5.76,8027
314.293333,41.167222,3.94,8028
314.070833,56.887500,6.23,8029
314.607917,10.839167,5.48,8030
314.998750,-36.129722,6.11,8031
314.568333,22.325833,5.31,8032
314.900417,-19.035278,6.25,8033
314.768333,4.293611,5.23,8034
314.581250,44.471667,5.55,8035
314.628333,41.940278,6.16,8036
314.961667,16.824167,6.66,8037
315.016250,7.516389,5.99,8038
315.322917,-32.257778,4.67,8039
314.625417,50.462222,5.61,8040
315.140833,-4.730278,6.21,8041
315.552500,-43.001944,6.64,8042
313.684583,75.925556,6.05,8043
315.115417,19.329444,5.65,8044
315.438750,-26.881111,6.05,8045
315.613333,-38.530556,5.94,8046
314.956667,47.521111,4.74,8047
315.741667,-38.631667,5.30,8048
314.855833,59.438611,5.51,8049
315.792500,-27.731944,6.25,8050
315.303750,36.026111,5.97,8051
317.199583,-76.212500,6.58,8052
315.295417,46.155833,5.37,8053
315.748333,-0.924722,6.50,8054
316.309167,-54.727222,5.16,8055
315.762500,1.531944,6.25,8056
315.757500,14.730000,6.31,8057
316.019167,-5.823333,7.31,8058
316.019583,-5.823056,5.89,8059
316.101250,-19.855000,4.84,8060
317.342917,-73.173056,5.68,8061
315.600417,44.791111,6.19,8062
315.770000,38.657500,6.07,8063
315.702083,45.848889,6.48,8064
315.537917,56.669722,5.83,8065
316.144583,5.502778,5.61,8066
316.173750,2.941944,6.42,8067
316.189167,2.269722,6.33,8068
316.606250,-41.386111,5.53,8069
316.505000,-30.125000,5.68,8070
315.967083,41.628056,6.33,8071
315.858333,50.351944,6.37,8072
317.137083,-63.928889,5.76,8073
315.930417,46.861944,6.32,8074
316.486667,-17.232778,4.07,8075
316.602917,-32.341667,5.18,8076
316.361250,5.958333,5.94,8077
315.948333,53.286111,5.90,8078
316.232917,43.927778,3.72,8079
316.782083,-25.005833,4.50,8080
317.836250,-72.544167,6.20,8081
316.597917,26.924444,6.12,8082
316.935833,-17.455278,6.17,8083
316.626250,31.184722,5.82,8084
316.727500,38.745833,5.21,8085
316.730417,38.743333,6.03,8086
317.140000,-21.193611,5.30,8087
316.890000,15.658611,6.34,8088
316.650417,47.648333,4.55,8089
317.117500,6.989444,6.15,8090
317.387500,-20.556389,6.25,8091
318.335417,-70.126389,5.02,8092
317.398750,-11.371667,4.51,8093
317.162083,30.205833,5.59,8094
317.492917,2.943333,6.45,8095
317.695417,-9.353889,6.27,8096
317.585417,10.131667,4.69,8097
317.630000,10.048889,6.07,8098
316.597083,71.431944,5.87,8099
318.056667,-40.269444,5.83,8100
317.633333,22.454722,6.68,8101
317.922083,-14.472222,6.48,8102
317.494167,45.502500,6.63,8103
318.262917,-39.425278,5.26,8104
317.766250,36.299167,6.54,8105
317.565000,53.563333,5.73,8106
317.629167,47.691944,6.46,8107
318.328750,-36.423889,5.96,8108
317.370417,63.295556,6.54,8109
318.322083,-27.619444,5.42,8110
319.567083,-75.346667,6.63,8111
316.372083,78.126389,5.91,8112
317.383333,68.490278,7.33,8113
318.941250,-53.263056,5.75,8114
318.234167,30.226944,3.20,8115
318.370000,15.982500,6.27,8116
318.811250,-40.506389,6.21,8117
318.569583,-10.605278,6.77,8118
317.950833,59.986389,5.64,8119
318.359583,36.633611,6.05,8120
318.654167,0.092222,6.38,8121
318.777500,-17.345000,6.04,8122
318.620417,10.006944,4.49,8123
318.945000,-36.210833,6.12,8124
319.501250,-64.681667,6.31,8125
318.542917,29.901111,6.17,8126
318.907917,-20.651667,5.24,8127
318.937083,-15.171389,5.28,8128
323.017500,-84.810000,6.45,8129
318.697917,38.045556,3.72,8130
318.955833,5.247778,3.92,8131
319.165000,-1.607778,6.48,8132
318.427500,64.403889,6.39,8133
319.306250,-13.278889,6.40,8134
319.484583,-32.172500,4.71,8135
318.903333,47.973611,6.46,8136
319.488750,-17.985278,5.43,8137
319.123333,42.251389,6.43,8138
319.565417,-17.462222,7.05,8139
319.966667,-53.449722,4.39,8140
319.546250,-4.519444,5.82,8141
319.726667,-28.765556,6.40,8142
319.354167,39.394722,4.23,8143
319.346667,42.683333,6.19,8144
320.039583,-45.022222,6.00,8145
319.479583,34.896944,4.43,8146
319.258333,53.997500,6.13,8147
319.940833,-26.353056,6.56,8148
319.716667,11.203333,5.96,8149
319.309583,55.798056,5.98,8150
320.190000,-40.809722,4.82,8151
320.318333,-49.937778,6.38,8152
319.328333,58.611667,6.42,8153
319.613333,43.945833,5.00,8154
319.730417,41.040833,6.15,8155
321.069583,-69.734167,6.41,8156
319.842500,38.237500,5.83,8157
320.058333,22.026389,6.29,8158
321.325417,-71.799444,6.09,8159
320.267917,-4.560000,5.87,8160
319.870000,49.510278,5.76,8161
319.645000,62.585556,2.44,8162
320.270000,7.354444,5.82,8163
319.815833,58.623611,5.66,8164
320.268333,23.855833,5.57,8165
320.208750,32.452778,5.68,8166
320.561667,-16.834444,4.28,8167
318.925833,77.012222,5.95,8168
320.341667,32.612778,6.04,8169
320.255833,40.345556,6.40,8170
319.842500,64.871944,5.18,8171
320.752083,-22.668889,5.60,8172
320.521667,19.804444,4.08,8173
318.339583,81.230833,6.15,8174
320.734583,-9.319444,5.99,8175
323.476667,-82.683056,6.38,8176
321.086667,-46.615000,6.31,8177
320.723333,6.811111,5.16,8178
320.139583,60.756944,6.11,8179
321.103333,-41.006667,5.77,8180
321.610833,-65.366111,4.22,8181
320.674583,30.309722,6.05,8182
321.040000,-20.851944,5.41,8183
321.032917,-22.746944,6.38,8184
320.501667,49.388889,5.69,8185
320.695417,38.634167,6.63,8186
321.047917,-12.878056,5.49,8187
321.564167,-54.660556,6.12,8188
320.845833,37.406667,6.58,8189
320.995000,24.274167,5.71,8190
321.102500,10.174167,6.35,8191
321.215417,-3.398333,6.36,8192
320.951250,37.351389,6.47,8193
321.030833,25.312222,6.15,8194
321.304583,-9.748611,5.70,8195
322.187083,-69.505278,5.34,8196
321.096250,24.528889,6.32,8197
321.141667,26.174444,5.68,8198
321.320833,-3.556667,5.49,8199
321.595417,-37.829444,5.63,8200
323.335833,-80.039167,6.47,8201
321.756667,-42.547778,5.51,8202
321.464583,0.534444,6.46,8203
321.666667,-22.411389,3.74,8204
321.617083,1.103333,6.13,8205
321.231250,49.323333,6.58,8206
321.811667,-21.196111,5.78,8207
321.331667,46.714444,5.60,8208
321.445833,36.667500,5.94,8209
321.611250,19.375556,6.07,8210
322.251250,-53.705833,6.39,8211
322.057917,-11.568333,6.61,8212
322.180833,-21.807222,4.51,8213
322.265833,-31.238611,6.50,8214
321.839167,37.116667,5.31,8215
321.715000,48.835000,5.31,8216
321.917083,27.608611,5.41,8217
321.687500,52.898611,6.03,8218
322.103333,8.195556,6.40,8219
322.034583,32.225278,5.80,8220
322.249583,17.905833,6.44,8221
322.498333,-19.147778,6.57,8222
322.249583,22.179444,5.93,8223
321.855417,59.750000,6.10,8224
322.487083,23.638889,4.57,8225
322.219583,55.418611,6.12,8226
321.942083,66.809167,5.44,8227
322.362500,46.540556,5.24,8228
323.024583,-41.179167,5.29,8229
323.060833,-33.944722,5.97,8230
322.790000,12.137500,6.08,8231
322.889583,-5.571111,2.91,8232
323.323750,-52.737500,6.41,8233
324.734167,-79.442500,6.18,8234
323.138750,-24.590556,6.43,8235
323.347917,-44.848611,5.57,8236
322.585000,52.958056,6.02,8237
322.165000,70.560833,3.23,8238
321.207083,80.524722,5.97,8239
323.112917,23.394444,6.70,8240
323.570833,-42.925000,6.32,8241
322.864583,52.620000,6.16,8242
322.747083,60.459444,5.53,8243
323.720833,-29.696111,6.41,8244
323.712500,-20.084444,5.69,8245
323.235833,49.977778,5.75,8246
323.816250,-23.454167,6.40,8247
323.324583,45.854167,6.25,8248
324.512083,-64.824167,6.20,8249
323.641667,22.754722,6.47,8250
323.823333,-3.983056,5.77,8251
323.495417,45.591944,4.02,8252
324.045833,-26.171389,5.73,8253
325.368750,-77.390000,3.76,8254
323.694167,38.534167,4.90,8255
324.203750,-33.048056,6.11,8256
323.829167,28.197222,6.31,8257
323.862500,24.452222,6.11,8258
323.614583,51.698333,6.15,8259
324.270000,-19.466111,4.68,8260
324.057917,30.055556,6.36,8261
324.010000,45.374722,5.53,8262
324.390833,-0.390278,6.25,8263
324.437917,-7.854167,4.69,8264
324.432083,6.618333,6.18,8265
324.237500,40.413611,5.01,8266
324.439167,19.318611,5.45,8267
324.775417,-33.679167,6.28,8268
324.998750,-52.359167,6.21,8269
324.632917,5.771667,5.67,8270
325.140000,-55.737500,6.33,8271
324.366250,44.696667,6.20,8272
324.867083,-10.576944,6.08,8273
324.687500,25.498889,6.16,8274
324.411250,54.042222,6.15,8275
324.754583,20.265278,5.85,8276
324.888750,2.243611,5.10,8277
325.022917,-16.662222,3.68,8278
324.480000,62.081944,4.73,8279
327.726250,-82.719167,5.29,8280
324.740000,57.489167,5.62,8281
325.442083,-25.101944,6.49,8282
325.387083,-14.047500,5.18,8283
325.046250,43.273889,5.11,8284
325.503333,-23.262778,5.24,8285
326.370000,-71.008889,6.01,8286
325.542083,1.285278,5.67,8287
325.664583,-18.866389,4.73,8288
325.564583,5.680000,5.30,8289
325.180417,54.872222,6.20,8290
325.392917,40.805278,6.11,8291
325.637500,10.824722,6.09,8292
325.806250,-19.620833,6.22,8293
341.369167,-88.818333,6.57,8294
325.768333,-14.399722,5.88,8295
325.504583,35.510278,6.07,8297
325.535000,45.765833,6.17,8298
326.122917,-38.552500,6.30,8299
325.595417,41.077222,5.69,8300
325.523750,51.189722,4.67,8301
326.004167,-14.749444,5.99,8302
326.329167,-49.498611,6.45,8303
325.662083,49.600278,6.09,8304
326.236667,-33.025833,4.34,8305
325.776667,41.155000,5.49,8306
325.857083,38.283889,5.65,8307
326.046667,9.875000,2.39,8308
326.035833,28.742778,4.73,8309
326.034583,28.743056,6.08,8310
326.251250,-9.082500,5.09,8311
325.689167,59.271111,6.08,8312
326.127917,17.350000,4.34,8313
326.130417,14.771944,5.94,8314
326.161250,25.645000,4.13,8315
325.876667,58.780000,4.08,8316
325.480417,71.311389,4.56,8317
326.567917,-9.275833,6.00,8318
326.633750,-11.365833,5.58,8319
326.435417,35.857222,6.40,8320
326.518333,22.948889,5.29,8321
326.760000,-16.127222,2.87,8322
327.065833,-47.303611,5.58,8323
325.766667,72.320278,5.17,8324
326.600000,25.563333,6.28,8325
326.934167,-30.898333,5.01,8326
326.222083,62.460556,5.95,8327
326.808333,2.686111,5.64,8328
326.569167,43.060833,6.54,8329
326.769583,17.194167,6.21,8330
327.500417,-64.712500,5.62,8331
326.908750,-5.917222,6.17,8332
327.696250,-69.629444,5.53,8333
326.362083,61.120833,4.29,8334
326.698333,49.309444,4.23,8335
327.034583,36.580556,6.47,8336
327.421250,-12.723056,6.31,8337
327.122500,38.648611,6.12,8338
326.855417,60.692778,5.52,8339
327.554583,-16.844722,6.38,8340
327.362083,20.462500,6.29,8341
326.754167,70.150833,6.29,8342
327.461250,30.174167,5.04,8343
327.536250,17.285556,5.29,8344
327.417083,41.148889,6.48,8345
327.924167,-18.623056,6.16,8346
327.329167,61.272778,6.17,8347
327.892500,19.826667,5.77,8348
327.770417,39.536667,6.17,8349
328.075833,21.273056,6.89,8350
328.324167,-13.551667,5.08,8351
328.797917,-61.886389,5.90,8352
328.482083,-37.365000,3.01,8353
328.124583,28.793333,5.53,8354
328.400000,-10.311667,6.59,8355
328.265833,25.925000,5.08,8356
328.004167,55.796944,5.71,8357
328.405833,19.668333,5.68,8358
328.490833,6.864444,6.15,8359
328.543333,-4.276111,5.71,8360
327.905417,65.752778,6.37,8361
329.058333,-57.899444,6.19,8362
328.649583,-3.301111,6.20,8363
328.572500,19.718333,6.39,8364
328.981667,-30.606389,6.41,8365
329.095000,-37.253611,5.46,8366
329.259167,-37.746944,6.18,8367
329.479583,-54.992500,4.40,8368
329.625417,-59.012222,6.12,8369
330.467083,-77.662500,6.41,8370
328.721667,56.611389,5.80,8371
329.100000,21.239722,6.40,8372
329.235000,12.076389,5.54,8373
328.836250,61.541944,6.13,8374
328.879583,65.320833,5.86,8375
329.555417,-5.424722,6.33,8376
329.259167,48.668611,6.42,8377
329.682500,-21.182778,6.12,8378
329.824583,-38.395278,5.50,8379
330.765833,-76.118611,5.95,8380
330.100417,-55.882778,6.01,8381
329.729167,-4.373056,6.22,8382
329.162917,63.625556,4.91,8383
329.296250,66.156111,6.43,8384
330.032917,6.717500,6.00,8385
330.209167,-28.453611,5.42,8386
330.840000,-56.786111,4.69,8387
329.722500,62.698333,5.93,8388
329.845833,57.658333,6.59,8389
330.270833,0.605000,5.58,8390
330.111667,33.006111,6.46,8391
330.272500,13.119722,5.60,8392
330.288333,8.257222,5.65,8393
330.549583,-17.903611,6.28,8394
329.462500,74.996667,6.35,8395
330.610833,-16.964167,6.37,8396
330.505833,10.973889,6.37,8397
330.821667,-29.904167,7.10,8398
330.163750,62.488056,6.66,8399
329.812500,73.180000,5.03,8400
330.818333,-6.522500,5.54,8401
330.828750,-2.155278,4.69,8402
330.460833,52.882222,5.78,8403
330.829167,11.386389,5.80,8404
331.099583,-29.916667,6.47,8405
330.519167,58.000556,5.56,8406
330.736250,44.650000,5.60,8407
331.153333,-26.822500,5.96,8408
331.462083,-59.636111,5.62,8409
331.197500,-0.906667,5.30,8410
331.528750,-39.543333,4.46,8411
331.143333,32.941944,6.38,8412
331.420000,5.058611,4.84,8413
331.445833,-0.319722,2.96,8414
331.297500,26.673889,5.78,8415
330.970417,63.119722,5.29,8416
330.947500,64.627778,4.29,8417
331.609167,-13.869722,4.27,8418
331.394583,28.963889,5.70,8419
332.677083,-75.880556,6.55,8420
331.318333,46.744722,6.13,8421
331.460833,45.112222,6.44,8422
329.552917,82.869722,6.98,8423
331.508333,45.014444,5.14,8424
332.058333,-46.961111,1.74,8425
331.252083,62.785556,5.27,8426
331.463333,48.231667,6.27,8427
331.287083,62.280000,5.11,8428
331.551667,45.248611,6.19,8429
331.752917,25.345000,3.76,8430
332.095833,-32.988611,4.50,8431
332.980417,-76.116111,6.15,8432
332.108333,-34.043889,4.99,8433
331.556250,56.343056,6.39,8434
331.869167,19.475556,5.75,8435
331.875000,18.000556,6.35,8436
332.177917,-33.125556,6.37,8437
331.959583,21.702778,5.78,8438
332.245833,-18.519722,5.81,8439
332.491667,-48.107222,6.43,8440
332.071667,25.543611,6.11,8441
331.790000,58.840833,6.32,8442
331.856250,53.307222,6.14,8443
332.482083,-34.014722,5.37,8444
332.068750,49.796389,6.42,8445
332.500417,-28.292500,6.44,8446
332.536667,-32.548333,4.92,8447
332.170833,45.741944,6.11,8448
332.306667,33.172222,5.58,8449
332.550000,6.197778,3.53,8450
332.587917,-3.894167,6.27,8451
332.656250,-11.565000,5.46,8452
332.640833,-4.267222,6.01,8453
332.496667,33.178333,4.29,8454
332.579167,19.616944,6.18,8455
332.592500,14.630000,6.33,8456
332.760000,-21.232500,6.09,8457
332.655833,11.624444,5.78,8458
332.625833,20.978056,6.46,8459
332.715000,30.553056,6.32,8460
332.963750,16.040556,5.95,8461
333.107500,-14.193889,6.03,8462
332.791250,50.823333,5.40,8463
333.239583,-26.327778,6.17,8464
332.713750,58.201111,3.35,8465
333.033333,24.950000,5.92,8466
333.182500,-4.720833,6.39,8467
332.451667,72.341111,4.79,8468
332.877917,59.414444,5.04,8469
333.435000,-25.180833,5.58,8470
334.460417,-77.511667,5.51,8471
332.953333,56.839444,5.24,8472
332.563750,72.111111,6.37,8473
332.662083,70.132778,5.50,8474
333.199167,34.604722,5.33,8475
332.987083,59.084722,6.30,8476
333.660833,-41.381667,6.23,8477
333.578333,-27.766944,5.43,8478
333.007917,60.759444,5.35,8479
333.575000,-21.074167,5.32,8480
335.006250,-80.439722,5.10,8481
333.410833,28.608333,5.89,8482
333.092917,63.291389,5.79,8483
333.896250,-44.451944,6.10,8484
333.469583,39.715000,4.49,8485
333.903750,-41.346667,4.79,8486
333.455417,45.440833,5.53,8487
334.110833,-41.627500,5.10,8488
333.685000,42.953889,5.71,8489
333.456250,63.162500,6.11,8490
333.999167,8.549444,6.21,8491
334.155833,-25.898333,6.15,8492
333.220417,73.307222,6.08,8493
333.758333,57.043611,4.19,8494
334.140000,-1.596389,6.15,8495
334.200417,-12.831389,5.34,8496
334.249167,-23.140000,6.17,8497
333.992500,37.748889,4.13,8498
334.208333,-7.783333,4.16,8499
334.219167,-9.040000,5.79,8500
334.565000,-53.627778,5.37,8501
334.625417,-60.259722,2.86,8502
334.123750,27.804167,6.37,8503
334.277083,-5.387222,5.75,8504
337.905833,-85.967222,5.77,8505
334.110417,57.220278,5.88,8506
334.517917,-0.237778,6.39,8507
334.753333,-13.305000,5.95,8508
335.150833,-57.510000,6.34,8509
334.734167,37.769444,6.17,8510
334.552917,62.804444,5.75,8511
335.049583,-7.821111,5.37,8512
335.115000,5.789444,5.37,8513
335.232500,8.186667,6.17,8514
336.153333,-72.255556,5.29,8515
335.398333,-21.598333,5.13,8516
335.250417,26.935278,6.47,8517
335.414167,-1.387222,3.84,8518
335.165000,50.980833,6.42,8519
335.379583,12.205278,5.01,8520
335.682917,-45.947778,6.62,8521
335.330417,28.330556,4.81,8522
335.256667,46.536667,4.57,8523
335.783333,-45.928611,5.62,8524
334.585000,76.488056,6.66,8525
336.462500,-75.015556,6.04,8526
336.293750,-70.431667,5.78,8527
335.462083,42.078333,6.41,8528
335.878750,-24.762500,5.53,8529
335.883750,-7.194444,5.93,8530
336.235000,-57.797222,5.32,8531
335.915000,20.848333,6.04,8532
336.028750,-4.836944,5.78,8533
336.112917,-13.529444,5.76,8534
335.750833,57.284444,6.16,8535
335.975833,38.573611,6.22,8536
335.750833,62.420000,6.04,8537
335.890000,52.229167,4.43,8538
336.319167,1.377500,4.66,8539
336.833333,-64.966389,4.48,8540
336.129167,49.476389,4.57,8541
336.544583,-23.682500,6.29,8542
336.419583,18.444444,6.26,8543
336.642500,-16.741389,6.57,8544
336.643333,-16.742500,6.35,8545
333.294167,86.108056,5.27,8546
337.157083,-67.489167,5.55,8547
336.655833,4.393611,5.75,8548
336.690417,37.443889,6.46,8549
335.922083,78.243333,6.76,8550
336.964583,4.695556,4.79,8551
337.163333,-39.131944,5.47,8552
336.860417,39.809722,6.14,8553
336.746667,56.433333,6.57,8554
336.942500,31.840278,5.98,8555
337.317500,-43.495556,3.97,8556
336.503333,70.770833,5.47,8557
337.207083,-0.020278,4.59,8558
337.208750,-0.020000,4.42,8559
337.439583,-43.749444,4.11,8560
336.772083,65.132222,5.46,8561
337.283333,9.128889,5.58,8562
337.441667,-27.107222,5.95,8563
337.292500,26.763056,5.79,8564
337.506250,-12.915000,6.40,8565
337.491667,4.431667,5.48,8566
337.572500,-14.585833,6.37,8567
337.082083,64.085556,6.29,8568
337.432917,35.725556,6.56,8569
337.723750,-26.073611,6.43,8570
337.292917,58.415278,3.75,8571
337.382500,47.706944,4.36,8572
337.661667,-10.678056,4.82,8573
337.507500,32.572500,5.65,8574
337.527083,49.356111,6.40,8575
337.876250,-32.346111,4.29,8576
338.860000,-78.771667,6.15,8577
336.677083,78.785833,5.83,8578
337.622083,43.123333,4.51,8579
337.826667,-2.911111,6.16,8580
337.826667,-6.555000,6.14,8581
338.250417,-61.982222,4.81,8582
337.922083,-10.905556,6.38,8583
337.892500,29.542778,6.35,8584
337.822917,50.282500,3.77,8585
338.147917,20.230000,6.42,8586
338.195417,15.863333,6.32,8587
338.110000,39.779722,5.88,8588
338.078333,54.037500,6.35,8589
338.512083,-1.574167,5.89,8590
337.470417,78.824167,5.50,8591
338.673333,-20.708333,5.20,8592
338.970417,-57.883611,6.23,8593
338.419167,56.625000,5.71,8594
338.262083,69.913611,6.60,8595
338.902083,-23.991111,5.97,8596
338.839167,-0.117500,4.02,8597
338.320833,70.373889,6.34,8598
338.067500,76.226389,5.68,8599
339.122083,-40.582778,6.28,8600
339.147500,-31.663889,5.82,8601
339.245000,-40.591111,5.86,8602
338.967917,39.634167,5.73,8603
339.032917,35.577222,6.10,8604
339.151667,11.696944,6.40,8605
338.972500,50.071111,6.29,8606
338.965833,56.070000,6.38,8607
339.269583,12.577222,6.30,8608
339.202917,35.652500,6.30,8609
339.439167,-4.228056,5.03,8610
339.785000,-52.692222,6.65,8611
339.592500,-7.897778,6.23,8612
339.343333,51.545278,4.63,8613
339.686250,-28.747778,6.47,8614
338.942083,73.643056,5.08,8615
339.714583,-33.081389,5.66,8616
339.572917,45.183056,6.40,8617
339.719167,19.522222,5.82,8618
339.933333,-28.325278,6.31,8619
340.203750,-57.422222,5.97,8620
339.657917,56.795833,5.21,8621
339.815417,39.050278,4.88,8622
340.092917,-30.658889,5.87,8623
339.945833,19.681111,6.21,8624
339.304167,75.371667,5.79,8625
339.892917,37.592778,6.03,8626
339.662500,63.584444,5.19,8627
340.164167,-27.043611,4.17,8628
340.200000,-3.554167,6.31,8629
341.513750,-81.381667,4.15,8630
340.219583,14.549444,5.71,8631
340.128750,44.276389,4.46,8632
340.076667,53.846111,5.93,8633
340.365417,10.831389,3.40,8634
340.653750,-47.210556,5.98,8635
340.667083,-46.884722,2.10,8636
340.592083,-29.360833,6.17,8637
340.380833,30.965833,6.34,8638
340.679583,-44.247778,6.07,8639
340.369167,40.225556,5.25,8640
340.439167,29.307500,4.79,8641
340.489167,14.516389,5.90,8642
340.400417,41.549444,5.94,8643
340.875000,-41.414444,4.85,8644
340.764583,-8.311667,6.45,8645
341.068750,-60.499444,6.30,8646
340.809583,-6.962778,6.41,8647
340.586667,53.908889,6.12,8648
340.897083,-18.830278,4.69,8649
340.750417,30.221389,2.94,8650
340.731250,37.802778,6.43,8651
340.768750,47.168611,6.39,8652
340.927917,10.939167,6.51,8653
341.021667,39.465556,5.95,8654
341.407917,-53.500278,4.85,8655
341.022917,41.819167,5.08,8656
341.419583,-46.547500,5.51,8657
341.533333,-48.978889,6.62,8658
341.617917,-49.685833,6.48,8659
341.367500,19.366667,6.25,8660
341.205000,52.517222,6.55,8661
341.682083,-46.939444,6.56,8662
342.595417,-80.124167,5.35,8663
342.420417,-77.050556,6.73,8664
341.673333,12.172778,4.19,8665
341.542500,44.546111,5.76,8666
341.632917,23.565556,3.95,8667
341.829583,-34.161111,6.28,8668
342.089167,-61.684167,6.37,8669
341.887917,-19.613333,5.26,8670
341.946250,-38.221944,6.71,8671
342.322500,-70.347778,6.34,8672
341.928333,-14.056389,5.66,8673
341.984167,-25.911944,6.30,8674
342.138750,-51.316944,3.49,8675
342.125833,-10.555556,6.19,8676
341.846667,58.482778,6.36,8677
342.045417,37.416667,5.90,8678
342.397917,-13.592500,4.01,8679
342.496250,-32.805278,6.33,8680
342.384583,10.478889,6.54,8681
342.199167,54.415000,6.12,8682
342.184167,62.938333,6.06,8683
342.500833,24.601667,3.48,8684
342.759167,-39.156944,5.42,8685
342.937083,-59.881389,6.46,8686
342.252917,68.570278,6.19,8687
342.442500,55.902778,5.43,8688
343.041250,-63.188611,6.12,8689
342.590833,41.953611,5.92,8690
342.662917,19.140833,6.40,8691
342.542500,50.676944,6.21,8692
342.837083,-29.536111,5.97,8693
342.420000,66.200556,3.52,8694
343.131667,-32.875556,4.46,8695
342.845000,61.696944,5.60,8696
343.100417,9.835556,5.16,8697
343.153750,-7.579722,3.74,8698
343.008333,43.312500,4.94,8699
343.407917,-48.598056,6.04,8700
343.664167,-70.073611,6.05,8701
341.870833,83.153889,4.74,8702
343.259583,16.841111,5.64,8703
343.369583,-11.616667,5.80,8704
343.217917,50.411944,6.46,8705
343.297083,40.167222,6.34,8706
343.265833,60.101111,6.01,8707
343.417083,44.749167,5.81,8708
343.662500,-15.820833,3.27,8709
343.642083,-7.204722,6.19,8710
343.689583,-16.271944,5.56,8711
343.529167,40.376944,5.81,8712
343.812083,-36.388611,6.40,8713
343.648750,16.941667,6.12,8714
343.747917,1.064722,6.11,8715
343.795833,-4.987778,5.72,8716
343.807083,8.815833,4.90,8717
343.760833,37.076944,5.91,8718
343.964167,-31.633056,6.10,8719
343.987083,-32.539722,4.21,8720
344.100000,-31.565556,6.48,8721
344.199167,-47.969167,5.70,8722
343.935417,36.351667,5.74,8723
344.214583,11.848333,6.51,8724
344.098333,41.603889,5.59,8725
344.108333,49.733611,4.95,8726
344.321667,-4.810000,6.31,8727
344.412917,-29.622222,1.16,8728
344.366250,20.768889,5.49,8729
344.386667,3.810278,6.28,8730
344.268750,48.684167,5.43,8731
344.645833,-35.523056,6.13,8732
344.419583,39.308889,6.18,8733
344.564583,-2.395278,6.16,8734
344.598750,-1.410278,6.37,8735
342.759167,85.373611,5.90,8736
344.646250,9.356944,6.43,8737
344.677500,7.339722,6.33,8738
344.799167,11.728889,5.75,8739
344.899167,-29.462222,5.51,8740
344.898750,-13.070833,6.07,8741
344.864167,0.962778,5.43,8742
345.024167,-25.164167,5.65,8743
344.792917,52.654444,6.29,8744
344.787500,59.814722,6.43,8745
345.102500,-25.626667,6.29,8746
345.220000,-52.754167,4.12,8747
343.603333,84.346111,4.71,8748
345.281250,-50.950000,5.68,8749
345.157917,0.185833,6.21,8750
345.178750,3.011667,5.83,8751
345.021250,56.945278,5.00,8752
345.177083,31.083056,6.60,8753
345.330833,-28.853611,5.55,8754
345.143333,45.375000,6.50,8755
345.345833,-22.790833,6.28,8756
345.348333,-7.061111,6.21,8757
345.227917,38.708056,6.54,8758
345.382083,-4.711389,5.94,8759
345.641667,-36.420833,6.47,8760
345.377917,57.105556,6.20,8761
345.480417,42.326111,3.62,8762
345.635833,-6.574167,6.15,8763
345.684583,-20.870556,5.97,8764
345.637917,31.780556,6.57,8765
345.651250,42.757778,5.10,8766
345.874167,-34.749444,5.11,8767
345.688333,44.058889,6.39,8768
346.217500,-68.820278,5.52,8769
345.682500,55.236389,6.50,8770
345.997917,-41.478333,5.79,8771
345.988750,-4.795278,6.68,8772
345.969167,3.820000,4.53,8773
346.165000,-53.965000,5.37,8774
345.943750,28.082778,2.42,8775
346.004167,6.616667,6.41,8776
345.848750,60.445278,6.74,8777
345.840000,58.564722,6.43,8778
345.887083,67.209167,5.24,8779
346.045833,50.052222,4.65,8780
346.190417,15.205278,2.49,8781
346.290833,-7.693611,5.43,8782
346.303333,-17.079167,6.14,8783
346.276250,16.563056,6.44,8784
346.323333,1.306944,6.39,8785
347.098750,-79.480833,6.12,8786
346.720000,-43.520556,4.28,8787
346.575833,18.517500,6.13,8788
346.670417,-23.743056,4.47,8789
346.723333,-38.892222,5.61,8790
346.789583,-49.606667,6.33,8791
346.632917,19.910833,6.30,8792
346.811250,-50.686389,5.83,8793
347.148750,-73.586389,6.15,8794
346.751250,9.409444,4.52,8795
346.778333,25.468333,4.76,8796
346.653750,59.419722,4.85,8797
346.865417,32.825833,6.02,8798
346.869583,21.134167,5.99,8799
346.825417,46.068056,6.66,8800
346.792083,52.816389,6.11,8801
347.087500,-28.823333,5.60,8802
346.793333,59.727500,6.40,8803
346.913750,46.387222,5.33,8804
346.939167,49.295833,5.70,8805
347.051250,44.561667,6.56,8806
347.170417,2.127778,5.40,8807
346.948750,63.633333,6.26,8808
347.548750,-66.857500,6.47,8809
348.050000,-80.912778,6.41,8810
346.988333,64.222500,6.21,8811
347.361667,-21.172500,3.66,8812
347.435833,-28.088611,5.87,8813
347.488750,-42.860556,5.81,8814
347.381250,8.677222,5.12,8815
347.456667,-14.510556,6.42,8816
347.478333,-22.457500,4.69,8817
347.540833,-40.591667,5.83,8818
346.974583,75.387500,4.41,8819
347.590000,-45.246667,3.90,8820
347.506250,9.821944,5.39,8821
347.433750,59.333056,5.70,8822
347.694167,-29.525000,6.51,8823
347.677500,17.594444,5.71,8824
347.613333,43.544167,5.94,8825
347.934167,8.720000,5.16,8826
347.955000,26.847222,6.17,8827
348.312500,-49.618889,6.80,8828
348.527500,-62.700000,6.12,8829
348.137500,49.406389,4.52,8830
348.266667,29.441667,6.35,8831
348.320833,57.168333,5.56,8832
348.360417,11.065000,5.82,8833
348.580833,-6.048889,4.22,8834
348.744167,-41.105556,5.77,8835
348.667500,-10.688611,6.12,8836
348.559583,50.617778,6.31,8837
348.590417,29.771667,6.41,8838
348.652083,24.103056,6.36,8839
348.892917,-3.496389,5.55,8840
348.972917,-9.087778,4.21,8841
348.942917,28.247778,6.49,8842
349.240417,-62.001111,5.66,8843
348.655417,74.231111,5.84,8844
348.991250,24.771111,6.60,8845
349.165417,-44.489167,5.92,8846
349.207500,-41.194444,6.47,8847
349.357500,-58.235833,3.99,8848
349.783750,-79.472778,6.33,8849
349.212083,-7.726667,5.06,8850
348.907500,70.888056,5.56,8851
349.291250,3.282222,3.69,8852
349.176250,53.213611,5.54,8853
349.111667,61.963056,6.53,8854
349.583333,-67.471111,6.13,8855
349.416667,-11.713056,6.34,8856
349.319167,45.164167,6.43,8857
349.475833,-9.182500,4.39,8858
349.541250,-40.824444,5.53,8859
349.436250,49.015278,4.85,8860
349.483750,45.488889,6.48,8861
352.015417,-87.482222,5.49,8862
349.705833,-32.531944,4.41,8863
349.597500,41.773611,6.02,8864
349.740417,-9.610833,4.98,8865
349.777917,-13.458889,5.08,8866
349.328750,75.299167,6.38,8867
349.850000,-5.124444,5.55,8868
349.850417,-18.075278,5.93,8869
349.760000,45.137222,6.50,8870
349.930000,-33.708056,6.37,8871
349.656250,68.111667,4.75,8872
349.864167,34.793333,6.32,8873
349.874167,48.625278,5.44,8874
349.923333,48.380833,6.32,8875
349.968333,42.078056,5.79,8876
350.208333,-50.306667,6.05,8877
350.085833,5.381389,5.05,8878
350.170417,-5.908056,6.17,8879
350.159167,23.740278,4.60,8880
350.059583,61.970000,6.45,8881
350.206667,30.415000,5.59,8882
350.314583,-26.986667,5.64,8883
350.183333,44.116389,6.13,8884
350.222083,38.182222,5.77,8885
350.144167,62.213056,6.39,8886
350.478750,31.812500,5.32,8887
350.492500,26.608889,6.62,8888
350.737083,-60.055833,6.09,8889
350.663333,-15.039167,5.20,8890
350.668750,20.828611,6.29,8891
350.742500,-20.100556,3.97,8892
350.769167,12.313889,5.08,8893
350.635417,60.133611,5.56,8894
350.976250,-53.808333,6.15,8895
350.939167,-43.124444,6.10,8896
350.882917,0.291389,6.31,8897
351.054583,-51.891389,5.75,8898
350.947917,32.531389,6.69,8899
351.032500,-18.687500,6.19,8900
351.330833,-56.849167,5.59,8901
351.145833,41.112778,6.72,8902
351.211667,32.385000,5.57,8903
351.209583,62.282778,4.98,8904
351.345000,23.404167,4.40,8905
351.511667,-20.641944,4.39,8906
351.652500,-52.721667,5.52,8907
351.780000,-66.581111,6.45,8908
351.812500,-58.476111,5.63,8909
351.787917,-50.157222,6.20,8910
351.733333,1.255556,4.94,8911
351.811667,1.122500,6.25,8912
351.780833,42.911944,5.75,8913
352.002917,-35.544444,6.32,8914
351.918333,25.167222,5.98,8915
351.992083,6.378889,4.28,8916
352.021667,-11.449722,6.37,8917
351.819167,70.359722,5.60,8918
352.254167,-63.110833,5.68,8919
352.253333,-44.497778,6.43,8920
352.252500,-9.266111,6.18,8921
352.273333,23.047778,6.35,8922
352.288750,12.760556,4.55,8923
352.383750,-4.532778,6.25,8924
352.530833,49.133056,6.17,8925
352.508333,58.548889,4.91,8926
352.665417,38.661944,6.05,8927
352.754583,-6.288333,6.39,8928
352.862500,-44.843611,6.02,8929
352.822500,39.236389,5.22,8930
352.881250,-4.087222,6.49,8931
352.925417,-21.369444,6.29,8932
352.929583,28.403611,6.41,8933
352.990000,-1.085833,6.38,8934
353.331250,-77.385278,5.81,8935
353.102500,34.952500,6.65,8936
353.242917,-37.818333,4.37,8937
351.753333,87.307500,5.58,8938
353.319167,-20.914444,4.71,8939
353.367083,22.498889,5.32,8940
353.427917,45.058056,6.24,8941
353.481250,20.840833,6.06,8942
353.488333,31.325278,4.98,8943
353.537500,-1.247500,5.87,8944
353.802917,-64.689444,7.40,8945
353.705833,-15.245833,5.96,8946
353.656250,40.236389,5.59,8947
353.659167,33.497222,5.63,8948
353.769167,-42.615000,4.71,8949
353.694583,38.023889,6.18,8950
353.883750,-7.464444,6.39,8951
353.745833,71.642222,5.84,8952
353.982917,24.561111,6.45,8953
354.097083,2.102222,5.68,8954
354.127083,32.904167,6.35,8955
354.272500,-31.870833,6.52,8956
354.600417,-76.870000,6.00,8957
354.415000,-13.060278,5.65,8958
354.462500,-45.492500,4.74,8959
354.415833,16.825556,6.26,8960
354.391250,46.458056,3.82,8961
354.383333,44.429167,5.80,8962
354.486667,18.400556,5.53,8963
354.494167,46.199722,6.58,8964
354.534167,43.268056,4.29,8965
354.866667,-46.637778,6.09,8966
354.784583,50.471667,5.30,8967
354.946250,-14.221667,5.00,8968
354.987500,5.626389,4.13,8969
354.979583,9.677222,5.97,8970
354.793333,75.292778,5.95,8971
354.837917,74.002778,5.98,8972
355.011667,37.652500,6.53,8973
354.836667,77.632500,3.21,8974
355.159167,-32.073056,5.31,8975
355.102083,44.333889,4.14,8976
355.169167,36.720833,6.23,8977
355.279167,-24.160278,6.60,8978
355.287083,-11.680556,5.89,8979
355.393750,-18.027222,5.34,8980
355.362083,49.512222,6.26,8981
355.440833,-17.816389,4.82,8982
355.486250,7.250556,5.89,8983
355.511667,1.780000,4.50,8984
355.477083,57.260000,6.24,8985
355.561667,44.991944,6.57,8986
355.616250,-15.447778,5.28,8987
355.680417,-14.545000,4.49,8988
355.586667,64.515556,6.56,8989
355.631250,61.679444,6.40,8990
355.843333,10.331389,5.06,8991
355.956250,-15.284444,6.36,8992
356.005833,-45.083333,6.09,8993
356.105833,-70.490278,6.07,8994
356.169583,-78.791389,5.75,8995
356.050000,-64.404444,5.72,8996
355.997917,29.361667,4.93,8997
356.050417,-18.276944,5.24,8998
356.120417,-26.246389,6.17,8999
356.201250,55.799722,6.51,9000
356.505000,-40.182500,6.31,9001
356.503750,-18.678056,5.29,9002
356.508750,46.420278,4.95,9003
356.597917,3.486667,5.04,9004
356.652917,66.782222,5.95,9005
356.816667,-50.226667,5.18,9006
356.847083,-68.394167,6.89,9007
356.764583,58.651944,4.87,9008
356.816250,-11.910833,5.73,9009
356.757917,57.451389,5.51,9010
356.888333,46.832500,6.07,9011
356.985417,-2.761667,5.49,9012
356.978333,67.806944,5.04,9013
357.135417,-6.380556,6.07,9014
357.205417,2.214167,6.46,9015
357.231667,-28.130278,4.57,9016
357.162500,64.876389,6.41,9017
357.209167,62.214444,5.43,9018
357.224583,59.978889,6.34,9019
357.300000,58.963056,6.33,9020
357.381667,-15.861111,6.24,9021
357.364583,1.076111,5.77,9022
357.436250,-62.839444,6.59,9023
357.420833,36.425278,5.90,9024
357.414167,28.842500,5.97,9025
357.456667,-25.331389,6.42,9026
357.561250,-9.974167,5.94,9027
357.592917,51.621667,6.44,9028
357.638750,-14.401944,5.72,9029
357.838333,9.313333,5.79,9030
357.838750,-18.908889,5.18,9031
358.026667,-82.018889,5.11,9032
357.991250,2.930278,5.55,9033
357.990000,77.599444,6.55,9034
358.097500,21.670833,6.11,9035
358.122083,19.120278,5.08,9036
358.125000,-14.251111,5.87,9037
358.104583,75.544722,6.39,9038
358.154583,10.947500,5.30,9039
358.210417,-8.996667,5.75,9040
358.231667,-3.155556,5.93,9041
358.270000,2.090556,6.28,9042
358.336667,-24.229167,6.24,9043
358.589167,-27.042222,6.35,9044
358.595833,57.499444,4.54,9045
358.660833,-40.300000,6.03,9046
358.694167,0.109167,5.61,9047
358.782500,7.071111,6.21,9048
358.819167,-31.921667,6.10,9049
358.819167,-31.884167,6.83,9050
358.845833,25.955000,6.54,9051
358.890417,57.412222,6.00,9052
358.890000,47.355833,6.00,9053
359.124583,-24.737222,6.31,9054
359.172917,22.648056,6.15,9055
359.115417,83.191111,6.59,9056
359.265000,42.658333,5.97,9057
359.284583,-26.623611,6.26,9058
359.285417,55.705833,5.55,9059
359.332917,-62.956389,5.97,9060
359.386250,-82.170000,5.73,9061
359.396667,-64.298333,5.00,9062
359.389583,60.023611,6.47,9063
359.439583,25.141389,4.66,9064
359.588333,-15.847500,6.26,9065
359.603333,51.388611,4.80,9066
359.668333,-3.556111,4.86,9067
359.705000,32.381667,6.52,9068
359.732500,-52.745833,5.13,9069
359.693750,46.413056,6.54,9070
359.752083,55.755000,4.88,9071
359.827917,6.863333,4.01,9072
359.866250,-29.485000,5.62,9073
359.871667,33.724444,6.58,9074
359.871667,33.724444,6.58,9075
359.979167,-65.577222,4.50,9076
0.080000,-44.290556,6.29,9077
0.099583,26.918333,6.46,9078
0.128750,59.559722,6.19,9079
0.182083,45.253333,6.38,9080
0.268750,-48.810000,5.71,9081
0.333333,-50.337222,5.53,9082
0.330417,49.981667,6.22,9083
0.398750,-77.065833,4.78,9084
0.403750,61.223056,5.55,9085
0.432500,42.367222,6.25,9086
0.455833,-3.027500,5.10,9087
0.542500,27.081944,5.75,9088
0.490000,-6.014167,4.41,9089
0.530417,-14.676111,7.10,9090
0.582917,-29.720278,5.01,9091
0.600833,8.956944,6.32,9092
0.623750,8.485556,5.63,9093
0.650417,66.098889,5.86,9094
0.740000,-20.046111,6.25,9095
0.782083,-24.145278,6.44,9096
0.857083,63.641944,6.24,9097
0.935000,-17.336111,4.55,9098
0.966250,66.712222,6.29,9099
1.056667,62.287778,5.88,9100
1.082083,-16.528889,5.78,9101
1.084583,-29.268611,6.40,9102
1.125417,-10.509444,4.94,9103
1.175000,67.166667,5.67,9104
1.152917,42.092222,6.01,9105
1.127917,-72.897778,7.31,9106
1.224167,34.659722,6.12,9107
1.172083,-71.436944,5.59,9108
1.233333,26.648889,6.25,9109
1.275833,61.314167,5.80,9110
